slide_num,character,text,voice_type,speed,pitch,phoneme_sequence
2,男,"、+ン'ッ。、/ボ'クワ、_フト/ダ'レカノ/_シセンオ/カンジ、メ'ガ/サメ'ル。",中性,100,115,"、+ン'ッ。、/ボ'クワ、_フト/ダ'レカノ/_シセンオ/カンジ、メ'ガ/サメ'ル。"
3,男,ソ'シテ、フト'ジョウハンシンオオコシテ、ソチ'ラオムクト、レミ'リアトフランガコワイエミオウカベテイタ。,中性,100,115,ソ'シテ、フト'ジョウハンシンオオコシテ、ソチ'ラオムクト、レミ'リアトフランガコワイエミオウカベテイタ。
4,レミリア,ア'ラ、メガ'サメタノ。ワタ'シワソウイウト、スバ'ヤクベッドニノリ、カレ'ノミミノソバニイキオイヨク、テオ'ツク。,f1,80,150,ア'ラ、メガ'サメタノ。ワタ'シワソウイウト、スバ'ヤクベッドニノリ、カレ'ノミミノソバニイキオイヨク、テオ'ツク。
5,レミリア,ア'ナタ、アノ'ドロボウキシャトヨナカマデナカヨクシテタミタイネ。ソノ'リユウオキカセテクレルカシラ。,f1,80,150,ア'ナタ、アノ'ドロボウキシャトヨナカマデナカヨクシテタミタイネ。ソノ'リユウオキカセテクレルカシラ。
6,男,ボ'クワ、カノ'ジョオナガメルトドウジニ、シコ'ウオメグラセテ、コノ'バオツツシメルホウホウオカンガエル。ダ'ガ、キョウ'フノエミデナニモオモイツカナイ。,中性,100,115,ボ'クワ、カノ'ジョオナガメルトドウジニ、シコ'ウオメグラセテ、コノ'バオツツシメルホウホウオカンガエル。ダ'ガ、キョウ'フノエミデナニモオモイツカナイ。
7,男,シカ'タナク、ボク'ワカクゴノウエデサクバンノコトオハナス。,中性,100,115,シカ'タナク、ボク'ワカクゴノウエデサクバンノコトオハナス。
8,レミリア,ソ'ウ、ナラ'オシオキネ。フ'ラン、ジュン'ビハイイカシラ。,f1,80,150,ソ'ウ、ナラ'オシオキネ。フ'ラン、ジュン'ビハイイカシラ。
9,フラン,ジュン'ビハバンタンダヨ、オネ'エサマ。ワタ'シワソウイイナガラ、ベッ'ドニイリ、カノ'ウエニマタガル。,jgr,100,100,ジュン'ビハバンタンダヨ、オネ'エサマ。ワタ'シワソウイイナガラ、ベッ'ドニイリ、カノ'ウエニマタガル。
10,レミリア,ナ'ラ、ハジ'メルワヨ、フ'ラン。,f1,80,150,ナ'ラ、ハジ'メルワヨ、フ'ラン。
11,フラン,ジャ'ア、ハジ'メルネ、オシ'オキオ。ワタ'シタチワソウイッテ、カレ'ニオシオキオハジメタ。,jgr,100,100,ジャ'ア、ハジ'メルネ、オシ'オキオ。ワタ'シタチワソウイッテ、カレ'ニオシオキオハジメタ。
14,男,ソレ'カラボクワ、コス'トセイシノリョウトタイムオシオキノジカンオヒツヨウサイショウゲンニオサエコムクフウオスルト、タチ'バガギャクテンシタ。,中性,100,115,ソレ'カラボクワ、コス'トセイシノリョウトタイムオシオキノジカンオヒツヨウサイショウゲンニオサエコムクフウオスルト、タチ'バガギャクテンシタ。
15,男,フ'ー、ボ'クワ、フタ'リガオキナイヨウニチーサクイキオハク。ソ'シテ、フタ'リノアイマオヌッテ、ベッ'ドカラオリル。,中性,100,115,フ'ー、ボ'クワ、フタ'リガオキナイヨウニチーサクイキオハク。ソ'シテ、フタ'リノアイマオヌッテ、ベッ'ドカラオリル。
16,男,ソ'シテ、コレ'カラスベキコトオカンガエ、ピー'シーノデンゲンオオス。ダ'ガ、ウマ'クキドウシナイノデ、オヤ'キガアルヘヤニムカウ。,中性,100,115,ソ'シテ、コレ'カラスベキコトオカンガエ、ピー'シーノデンゲンオオス。ダ'ガ、ウマ'クキドウシナイノデ、オヤ'キガアルヘヤニムカウ。
17,男,ソ'シテ、オヤ'キノアルヘヤニイルト、サキ'ホドカリテキタレミリアノポケベルオトコニオキ、サッ'ソクデンゲンオオス。,中性,100,115,ソ'シテ、オヤ'キノアルヘヤニイルト、サキ'ホドカリテキタレミリアノポケベルオトコニオキ、サッ'ソクデンゲンオオス。
18,男,ソ'シテ、ポケ'ベルノアイコンニカーソルオアワセテクリックスル。,中性,100,115,ソ'シテ、ポケ'ベルノアイコンニカーソルオアワセテクリックスル。
19,男,ス'ルト、マエ'ニイチドダケミタウエブページガヒラク。ソシ'テボクワ、ソウ'サニカーソルオアワセル。,中性,100,115,ス'ルト、マエ'ニイチドダケミタウエブページガヒラク。ソシ'テボクワ、ソウ'サニカーソルオアワセル。
20,男,ツギ'ニワッシンニカーソルオアワセテセンタクスル。,中性,100,115,ツギ'ニワッシンニカーソルオアワセテセンタクスル。
21,男,ツギ'ニレイムニカーソルオアワセル。,中性,100,115,ツギ'ニレイムニカーソルオアワセル。
22,男,ス'ルト、ヒロ'シレイレイムニワッシンチュウ。トヒョ'ウジサレル。,中性,100,115,ス'ルト、ヒロ'シレイレイムニワッシンチュウ。トヒョ'ウジサレル。
23,霊夢,ワタ'シワ、フト'ポケベルノシンドウオカンジ、ポッ'ケカラダスト、レミ'リアカラノチャクシンダッタ。ソ'シテ、オレ'ンジイロノボタンオオス。,f1,100,100,ワタ'シワ、フト'ポケベルノシンドウオカンジ、ポッ'ケカラダスト、レミ'リアカラノチャクシンダッタ。ソ'シテ、オレ'ンジイロノボタンオオス。
24,男,モシ'モシ、レイ'ムサン、キコ'エマスカ。,中性,100,115,モシ'モシ、レイ'ムサン、キコ'エマスカ。
25,霊夢,コノ'コエハ、ミサ'オユメ。ナ'ンデ、ミサ'オユメガレミリアノポケベルオモッテルノ。イマ'ドコニイルノ。,f1,100,100,コノ'コエハ、ミサ'オユメ。ナ'ンデ、ミサ'オユメガレミリアノポケベルオモッテルノ。イマ'ドコニイルノ。
26,男,ボ'クワ、ソウ'キクレイムニタイシテ、スコ'シキオクガモドリ、シマ'ウタイザカヤノトコロカラ、ケサ'マデノケイイオハナス。,中性,100,115,ボ'クワ、ソウ'キクレイムニタイシテ、スコ'シキオクガモドリ、シマ'ウタイザカヤノトコロカラ、ケサ'マデノケイイオハナス。
27,霊夢,エ。ソウ'イウコトワ、ワタ'シタチノイエニイルノ。,f1,100,100,エ。ソウ'イウコトワ、ワタ'シタチノイエニイルノ。
28,男,ソウ'デス。ソ'レデ、サッ'キマデレミリアトフランサンニ。,中性,100,115,ソウ'デス。ソ'レデ、サッ'キマデレミリアトフランサンニ。
29,霊夢,ワタ'シワ、カノ'ソノワツゲンニショウゲキオウケル。ミサ'オユメ、ワタ'シタチガカエッタラミッチリ、オシ'オキネ。,f1,100,100,ワタ'シワ、カノ'ソノワツゲンニショウゲキオウケル。ミサ'オユメ、ワタ'シタチガカエッタラミッチリ、オシ'オキネ。
30,男,エ'ット。ハ'イ。ソ'レデ、イツ'ゴロコッチニモドリマスカ。,中性,100,115,エ'ット。ハ'イ。ソ'レデ、イツ'ゴロコッチニモドリマスカ。
31,霊夢,トリ'アエズ、マリ'サタチオヨンデ、イマ'スグソッチニイケルヨウニスルカラ、マッ'テナサイ。レミ'リアニポケベルモカエスノヨ。,f1,100,100,トリ'アエズ、マリ'サタチオヨンデ、イマ'スグソッチニイケルヨウニスルカラ、マッ'テナサイ。レミ'リアニポケベルモカエスノヨ。
32,男,ワカ'リマシタ。ボク'ワソウイウト、ツウ'ワオシュウリョウノボタンオセンタクシタ。,中性,100,115,ワカ'リマシタ。ボク'ワソウイウト、ツウ'ワオシュウリョウノボタンオセンタクシタ。
33,男,ボク'ワフトキガツクト、レミ'リアトフランノフタリガヘヤニワイッテキタ。ダ'ガ、ナン'トナクフタリノヨウスニイワカンオオボエル。,中性,100,115,ボク'ワフトキガツクト、レミ'リアトフランノフタリガヘヤニワイッテキタ。ダ'ガ、ナン'トナクフタリノヨウスニイワカンオオボエル。
34,レミリア,ネ'エ、ソ'ウム、モウ'イッカイワタシオイイキモチニシテ。,f1,80,150,ネ'エ、ソ'ウム、モウ'イッカイワタシオイイキモチニシテ。
35,フラン,ワタ'シモ。オネ'ガイ。ソ'ウム。,jgr,100,100,ワタ'シモ。オネ'ガイ。ソ'ウム。
36,男,ボ'クワ、フタ'リノヒョウジョウカラナニガオキタノカオブンセキスルト、アル'ヨソクトケイコウガウカビアガル。ソ'レハ、ケイ'コクデモアッタ。,中性,100,115,ボ'クワ、フタ'リノヒョウジョウカラナニガオキタノカオブンセキスルト、アル'ヨソクトケイコウガウカビアガル。ソ'レハ、ケイ'コクデモアッタ。
37,男,ダ'ガ、ボ'クワ、ナニ'モイワズニ、レミ'リアオダキカカエルト、ジシ'ツノベッドニワコビ、フラ'ンモハコビコンダ。,中性,100,115,ダ'ガ、ボ'クワ、ナニ'モイワズニ、レミ'リアオダキカカエルト、ジシ'ツノベッドニワコビ、フラ'ンモハコビコンダ。
39,男,ボ'クワ、サキ'ホドオナジヨウニフタリトセックススルト、ソノ'ママソットベッドデネカシツケタ。ソ'シテ、レミ'リアノポケベルオモドス。,中性,100,115,ボ'クワ、サキ'ホドオナジヨウニフタリトセックススルト、ソノ'ママソットベッドデネカシツケタ。ソ'シテ、レミ'リアノポケベルオモドス。
40,男,ボク'ワソレカラ、キョウ'ドウスペースニオリテクル。ス'ルト、ソコ'ニワ、パチュ'リートサキヨルガイタ。,中性,100,115,ボク'ワソレカラ、キョウ'ドウスペースニオリテクル。ス'ルト、ソコ'ニワ、パチュ'リートサキヨルガイタ。
41,パチュリー,ア'ナタ。オモ'ッタヨリゲンキジャナイ。シン'パイシテソンシタワ。,f2,120,115,ア'ナタ。オモ'ッタヨリゲンキジャナイ。シン'パイシテソンシタワ。
42,咲夜,ソ'レデ、サキ'ニツイタオジョウサマタチハ、ドコ'ニイルノデスカ。,f1,105,125,ソ'レデ、サキ'ニツイタオジョウサマタチハ、ドコ'ニイルノデスカ。
43,男,ボ'クワ、ソ'コデ、サキ'ホドマデノナガレオセツメイスル。,中性,100,115,ボ'クワ、ソ'コデ、サキ'ホドマデノナガレオセツメイスル。
44,パチュリー,ア'ナタ、ソ'レハ、モハ'ヤタンナルセックスノリョウイキコエテ、アノ'フタリノアナタニナツカセテイルンジャナイ。,f2,120,115,ア'ナタ、ソ'レハ、モハ'ヤタンナルセックスノリョウイキコエテ、アノ'フタリノアナタニナツカセテイルンジャナイ。
45,咲夜,モ'ハヤ、ナツ'カセルノデワナクテ、カレ'トジャナイトセックスデイイキモチニナラナクナッテルンジャ。,f1,105,125,モ'ハヤ、ナツ'カセルノデワナクテ、カレ'トジャナイトセックスデイイキモチニナラナクナッテルンジャ。
46,パチュリー,ネエ'ワタシトセックスシテクレナイカシラ、アノ'フタリガカンジタアナタノテクニックオワタシモカンジタイワ。,f2,120,115,ネエ'ワタシトセックスシテクレナイカシラ、アノ'フタリガカンジタアナタノテクニックオワタシモカンジタイワ。
47,咲夜,ワタ'シモ。アナ'タノテクニックオジブンデジッカンシタイ。デ'ス。,f1,105,125,ワタ'シモ。アナ'タノテクニックオジブンデジッカンシタイ。デ'ス。
48,男,ソレ'ナラ、ドコ'デシマスカ。イ'マ、ボク'ノヘヤハフランサントレミリアサンガネテイルノデ、イレ'ナイデスガ。,中性,100,115,ソレ'ナラ、ドコ'デシマスカ。イ'マ、ボク'ノヘヤハフランサントレミリアサンガネテイルノデ、イレ'ナイデスガ。
49,咲夜,ソレ'ナラ、ワタ'シノヘヤニシマショウ。ワタ'シワ、ソウ'カレニテイアンスル。,f1,105,125,ソレ'ナラ、ワタ'シノヘヤニシマショウ。ワタ'シワ、ソウ'カレニテイアンスル。
50,男,ワカ'リマシタ。ボク'ワソレカラ、フタ'リトトモニサキヨルノヘヤニムカッタ。,中性,100,115,ワカ'リマシタ。ボク'ワソレカラ、フタ'リトトモニサキヨルノヘヤニムカッタ。
52,男,ソ'シテ、フタ'リトセックススルト、ナッ'トクシタヨウナカンジノヒョウジョウオミセテ、ソレ'カラスウフンゴニワ、スヤ'スヤトネムリハジメタ。,中性,100,115,ソ'シテ、フタ'リトセックススルト、ナッ'トクシタヨウナカンジノヒョウジョウオミセテ、ソレ'カラスウフンゴニワ、スヤ'スヤトネムリハジメタ。
53,男,ボ'クワ、モウ'イチド、キョウ'ドウスペースニオリテクルト、フト'ネムケガキテ、ソノ'ママソフアニヨコニナッテ、メオ'トジタ。,中性,100,115,ボ'クワ、モウ'イチド、キョウ'ドウスペースニオリテクルト、フト'ネムケガキテ、ソノ'ママソフアニヨコニナッテ、メオ'トジタ。
55,男,ボ'クワ、フト'メガサメルト、ソコ'ニワレイムトマリサガウズウズシタジョウタイデタッテイタ。,中性,100,115,ボ'クワ、フト'メガサメルト、ソコ'ニワレイムトマリサガウズウズシタジョウタイデタッテイタ。
56,霊夢,ア'ンタ。ドウ'ヤッテアノヨニンオオボレサセタノヨ。,f1,100,100,ア'ンタ。ドウ'ヤッテアノヨニンオオボレサセタノヨ。
57,魔理沙,ワタ'シモキニナルノダゼ。フラ'ンノヨウスモイツモトチガッテタシ。,f2,100,100,ワタ'シモキニナルノダゼ。フラ'ンノヨウスモイツモトチガッテタシ。
58,男,ボ'クワ、カノ'ジョタチノシコウオヨソクシ、ナニ'ガイイタイノカオカンガエル。レイ'ムサンタチモ。タイ'カンシタイノデスカ。,中性,100,115,ボ'クワ、カノ'ジョタチノシコウオヨソクシ、ナニ'ガイイタイノカオカンガエル。レイ'ムサンタチモ。タイ'カンシタイノデスカ。
59,霊夢,ソ'ウニ。キマ'ッテルジャナイ。コッ'チハ、アン'タノコトデ、アソ'コガウズマキイテルノヨ。,f1,100,100,ソ'ウニ。キマ'ッテルジャナイ。コッ'チハ、アン'タノコトデ、アソ'コガウズマキイテルノヨ。
60,魔理沙,ワタ'シモダゼ。,f2,100,100,ワタ'シモダゼ。
61,男,レミ'リアサンタチハ。,中性,100,115,レミ'リアサンタチハ。
62,霊夢,カノ'ジョタチナラ、アン'タノコトオワタシタチニツゲテカラ、クレ'ナイマカンニモドッテイッタワ。,f1,100,100,カノ'ジョタチナラ、アン'タノコトオワタシタチニツゲテカラ、クレ'ナイマカンニモドッテイッタワ。
63,魔理沙,ソロ'ソロ、アレ'ガタレソウダゼ。、ハヤ'クオマエノベッドニイカナイカ。,f2,100,100,ソロ'ソロ、アレ'ガタレソウダゼ。、ハヤ'クオマエノベッドニイカナイカ。
64,男,ソウ'デスカ。ボク'ワソウツブヤクト、ソフ'アカラオリ、ジブ'ンノヘヤニムカウ。,中性,100,115,ソウ'デスカ。ボク'ワソウツブヤクト、ソフ'アカラオリ、ジブ'ンノヘヤニムカウ。
65,男,ボク'タチガボクノヘヤニイルト、レイ'ムガボクノカラダオイキナリツカミ、ベッ'ドニオシタオシ、ソコ'カラボクトフタリトノセックスガハジマッタ。,中性,100,115,ボク'タチガボクノヘヤニイルト、レイ'ムガボクノカラダオイキナリツカミ、ベッ'ドニオシタオシ、ソコ'カラボクトフタリトノセックスガハジマッタ。
68,男,ボ'クワ、フタ'リトノセックススルト、スウ'フンクライデカノジョタチハネムリニオチテイッタ。ナン'ダカマリサノアレガゼンカイヨリデテルキガシタ。,中性,100,115,ボ'クワ、フタ'リトノセックススルト、スウ'フンクライデカノジョタチハネムリニオチテイッタ。ナン'ダカマリサノアレガゼンカイヨリデテルキガシタ。
69,男,ソ'レハ、レイ'ムニモイエルコトデ、フタ'リノカンドガイツモヨリタカクナッテイルノカ、ケン'コウメンデフアンオカンジルホドアレガデタ。,中性,100,115,ソ'レハ、レイ'ムニモイエルコトデ、フタ'リノカンドガイツモヨリタカクナッテイルノカ、ケン'コウメンデフアンオカンジルホドアレガデタ。
70,男,ソシ'テボクワ、ソッ'トヘヤカラデテイク。ソノ'アシドリデソノママ、キョウ'ドウスペースニムカウ。,中性,100,115,ソシ'テボクワ、ソッ'トヘヤカラデテイク。ソノ'アシドリデソノママ、キョウ'ドウスペースニムカウ。
71,咲夜,ミサ'オユメサン、イマ'チョウドユウハンガデキテ、ナラ'ベタトコロデスヨ。ワタ'シワ、ウエ'カラオリテキタカレニイウ。,f1,105,125,ミサ'オユメサン、イマ'チョウドユウハンガデキテ、ナラ'ベタトコロデスヨ。ワタ'シワ、ウエ'カラオリテキタカレニイウ。
72,男,ア'ッ、アリ'ガトウゴザイマス。ボク'ワソウカエス。,中性,100,115,ア'ッ、アリ'ガトウゴザイマス。ボク'ワソウカエス。
73,咲夜,イ'エ、オレ'イナンテイイデスヨ。ソレ'ヨリタベテクダサイ。ワタ'シワ、カレ'トノセックスシタイヨクオオサエテイウ。,f1,105,125,イ'エ、オレ'イナンテイイデスヨ。ソレ'ヨリタベテクダサイ。ワタ'シワ、カレ'トノセックスシタイヨクオオサエテイウ。
74,男,ボ'クワ、イタ'ダキマストイッテカラ、ゴメ'シオタベハジメル。ス'ルト、カノ'ジョワボクトタイカクノセキニスワル。,中性,100,115,ボ'クワ、イタ'ダキマストイッテカラ、ゴメ'シオタベハジメル。ス'ルト、カノ'ジョワボクトタイカクノセキニスワル。
75,男,サキ'ヨルサン、ナン'デニヤツイテイルンデスカ。ボク'ワカノジョノシコウオヨソクシナガラ、ハナ'シカケル。,中性,100,115,サキ'ヨルサン、ナン'デニヤツイテイルンデスカ。ボク'ワカノジョノシコウオヨソクシナガラ、ハナ'シカケル。
76,咲夜,イツ'ノマニ。チョ'ット、セキ'オハズシマスネ。ワタ'シワソウイイ、イス'カラタチアガル。,f1,105,125,イツ'ノマニ。チョ'ット、セキ'オハズシマスネ。ワタ'シワソウイイ、イス'カラタチアガル。
77,男,アト'カタズケナラボクガシテオクノデ、サキ'ヨルサンワキョウドウキッチンニモドラナクテモダイジョウブデスヨ。ボク'ワソウカノジョニツゲル。,中性,100,115,アト'カタズケナラボクガシテオクノデ、サキ'ヨルサンワキョウドウキッチンニモドラナクテモダイジョウブデスヨ。ボク'ワソウカノジョニツゲル。
78,咲夜,ソウ'デスカ。カノ'ソノコトバニ、フト'カレトサッキシタセックスガメニウカブ。,f1,105,125,ソウ'デスカ。カノ'ソノコトバニ、フト'カレトサッキシタセックスガメニウカブ。
79,男,サキ'ヨルサン。サッ'キカラヨウスガヘンデスヨ。ボ'クワ、カノ'ジョニシセンオアテナガラソウイウ。,中性,100,115,サキ'ヨルサン。サッ'キカラヨウスガヘンデスヨ。ボ'クワ、カノ'ジョニシセンオアテナガラソウイウ。
80,咲夜,ハ'ッ。ワタ'シワカノシテキニフトオドロキノコエオアゲル。ソ'シテ、コノ'ママココニイルノワヨクナイカンガエ、ササ'ットヘヤニモドッタ。,f1,105,125,ハ'ッ。ワタ'シワカノシテキニフトオドロキノコエオアゲル。ソ'シテ、コノ'ママココニイルノワヨクナイカンガエ、ササ'ットヘヤニモドッタ。
81,男,ボ'クワ、ヒト'リキョウドウスペースデモクモクトゴメシオタベススメ、カン'ショクスルト、ショッ'キノアトカタズケオスマス。,中性,100,115,ボ'クワ、ヒト'リキョウドウスペースデモクモクトゴメシオタベススメ、カン'ショクスルト、ショッ'キノアトカタズケオスマス。
82,男,ス'ルト、サト'リトコイシガカエッテクル。オカ'エリナサイ。,中性,100,115,ス'ルト、サト'リトコイシガカエッテクル。オカ'エリナサイ。
83,さとり,ヨカ'ッタデス、ミサ'オユメガブジデ。ワタ'シワソウイウ。,jgr,115,125,ヨカ'ッタデス、ミサ'オユメガブジデ。ワタ'シワソウイウ。
84,こいし,ワタ'シモ、アン'シンシタ。,f2,50,181,ワタ'シモ、アン'シンシタ。
85,男,ソウ'デスカ、サ'キニ、オフ'ロトゴメシノドッチニシマスカ。ボ'クワ、ソウ'キク。,中性,100,115,ソウ'デスカ、サ'キニ、オフ'ロトゴメシノドッチニシマスカ。ボ'クワ、ソウ'キク。
86,さとり,ワタ'シワ、サキ'ニオフロニイッテキマスネ。,jgr,115,125,ワタ'シワ、サキ'ニオフロニイッテキマスネ。
87,こいし,ワタ'シモ、ソウ'シヨウカナ。,f2,50,181,ワタ'シモ、ソウ'シヨウカナ。
88,男,ボ'クワ、ソノ'マニワミガキデモシヨウカナ。ボク'ワソウイウト、ボク'タチハソレゾレノヘヤニムカウ。,中性,100,115,ボ'クワ、ソノ'マニワミガキデモシヨウカナ。ボク'ワソウイウト、ボク'タチハソレゾレノヘヤニムカウ。
90,男,ボ'クワ、フタ'リノユウハンオツクリ、フタ'リガユウハンオタベナガラ、カイ'ワオマジワスウチニ、ハナ'シノナガレデ、サッ'キマデノケイイオカタッテイタ。,中性,100,115,ボ'クワ、フタ'リノユウハンオツクリ、フタ'リガユウハンオタベナガラ、カイ'ワオマジワスウチニ、ハナ'シノナガレデ、サッ'キマデノケイイオカタッテイタ。
91,男,ボ'クワ、フタ'リノユウハンオツクリ、フタ'リガユウハンオタベナガラ、カイ'ワオマジワスウチニ、ハナ'シノナガレデ、サッ'キマデノケイイオカタッテイタ。,中性,100,115,ボ'クワ、フタ'リノユウハンオツクリ、フタ'リガユウハンオタベナガラ、カイ'ワオマジワスウチニ、ハナ'シノナガレデ、サッ'キマデノケイイオカタッテイタ。
92,さとり,レイ'ムタチダケズルイデスヨ、アナ'タノテクニックデオボレラレルナンテ。、ワタ'シタチニモソレオタイカンサセテクダサイ。,jgr,115,125,レイ'ムタチダケズルイデスヨ、アナ'タノテクニックデオボレラレルナンテ。、ワタ'シタチニモソレオタイカンサセテクダサイ。
93,こいし,ワタ'シニモ、サ'セテ。,f2,50,181,ワタ'シニモ、サ'セテ。
94,男,ソウ'デスカ。イイ'デスヨ。ソ'レデ、ダレ'ノヘヤデヤリマスカ。ボク'ノヘヤハ、イマ'レイムサントマリササンガネテルカラツカエマセンガ。,中性,100,115,ソウ'デスカ。イイ'デスヨ。ソ'レデ、ダレ'ノヘヤデヤリマスカ。ボク'ノヘヤハ、イマ'レイムサントマリササンガネテルカラツカエマセンガ。
95,さとり,ソレ'ナラ、ワタ'シノヘヤニシマショ。,jgr,115,125,ソレ'ナラ、ワタ'シノヘヤニシマショ。
96,男,ワカ'リマシタ。ボ'クワ、ソウ'イウト、サン'ニンデサトリノヘヤニムカッタ。,中性,100,115,ワカ'リマシタ。ボ'クワ、ソウ'イウト、サン'ニンデサトリノヘヤニムカッタ。
97,こいし,ジャ'ア、ハジ'メルヨ。ワタ'シタチワカレオベッドニオシタオスト、ソウ'イッテ、ハジ'メタ。,f2,50,181,ジャ'ア、ハジ'メルヨ。ワタ'シタチワカレオベッドニオシタオスト、ソウ'イッテ、ハジ'メタ。
99,男,ボ'クワ、フタ'リガレイムタチトオナジヨウナカンジデネムリニツクト、フタ'リオオコサナイヨウニソット、ベッ'ドカラオリル。,中性,100,115,ボ'クワ、フタ'リガレイムタチトオナジヨウナカンジデネムリニツクト、フタ'リオオコサナイヨウニソット、ベッ'ドカラオリル。
100,男,ソ'シテ、ソノ'アシドリデキョウドウスペースニモドル。,中性,100,115,ソ'シテ、ソノ'アシドリデキョウドウスペースニモドル。
101,男,ボク'ガキョウドウスペースニオリテクルト、レイ'ムタチガイタ。フタ'リトモ、メガ'サメタンデスネ。,中性,100,115,ボク'ガキョウドウスペースニオリテクルト、レイ'ムタチガイタ。フタ'リトモ、メガ'サメタンデスネ。
102,霊夢,アン'タノオフロカリテ、スッ'キリシテキタワ。ワタ'シワ、カレ'トモウイチドセックスシタイキモチオオサエナガライウ。,f1,100,100,アン'タノオフロカリテ、スッ'キリシテキタワ。ワタ'シワ、カレ'トモウイチドセックスシタイキモチオオサエナガライウ。
103,魔理沙,ソ'レデ、ミサ'オユメハナニシテタンダ。ワタ'シワ、カレ'ニオカサレタイキモチオコタエナガライウ。,f2,100,100,ソ'レデ、ミサ'オユメハナニシテタンダ。ワタ'シワ、カレ'ニオカサレタイキモチオコタエナガライウ。
104,霊夢,ソウ'デスカ。、ソ'レデ、ユウ'ハンハタベマシタカ。,f1,100,100,ソウ'デスカ。、ソ'レデ、ユウ'ハンハタベマシタカ。
105,霊夢,イ'ヤ、マダ'タベテナイワ。,f1,100,100,イ'ヤ、マダ'タベテナイワ。
106,魔理沙,ワタ'シモマダタベナイゼ。,f2,100,100,ワタ'シモマダタベナイゼ。
107,男,ソウ'デスカ。ジャ'ア、ボク'ガツクリマスネ。ボク'ワソウイウト、キョウ'ドウキッチンニイリ、レイ'ゾウコオヒラケル。,中性,100,115,ソウ'デスカ。ジャ'ア、ボク'ガツクリマスネ。ボク'ワソウイウト、キョウ'ドウキッチンニイリ、レイ'ゾウコオヒラケル。
108,男,ソ'シテ、フタ'リノシセンオカンジナガラ、シコ'ウオハタラカセテユウハンオツクル。ソ'シテ、スウ'ジュップンテイドデカンセイスルト、パッ'クゴメシトトモニダス。,中性,100,115,ソ'シテ、フタ'リノシセンオカンジナガラ、シコ'ウオハタラカセテユウハンオツクル。ソ'シテ、スウ'ジュップンテイドデカンセイスルト、パッ'クゴメシトトモニダス。
109,男,デキ'マシタヨ。フタ'リトモドウシタンデスカ。ボ'クワ、フタ'リノシコウノブンセキトヨソクオシナガライウ。,中性,100,115,デキ'マシタヨ。フタ'リトモドウシタンデスカ。ボ'クワ、フタ'リノシコウノブンセキトヨソクオシナガライウ。
110,霊夢,イ'ヤ、ナン'デモナイワ。ソ'レジャ、イタ'ダキマス。,f1,100,100,イ'ヤ、ナン'デモナイワ。ソ'レジャ、イタ'ダキマス。
111,魔理沙,イタ'ダキマスナノダゼ。,f2,100,100,イタ'ダキマスナノダゼ。
112,男,ボ'クワ、ショク'ジオスルフタリオミナガラ、キョウ'オフリカエル。レミ'リアタチニオシオキオウケテカラ、カノ'ジョタチノヨウスガヘンカシタ。,中性,100,115,ボ'クワ、ショク'ジオスルフタリオミナガラ、キョウ'オフリカエル。レミ'リアタチニオシオキオウケテカラ、カノ'ジョタチノヨウスガヘンカシタ。
113,男,ボ'クワ、ナゼ'コノヨウナヘンカガオキタノカオカイセキスル。ボク'ノコウドウハ、ツギ'ツギトコノイエニスムジョセイタチトセックススルダケダッタ。,中性,100,115,ボ'クワ、ナゼ'コノヨウナヘンカガオキタノカオカイセキスル。ボク'ノコウドウハ、ツギ'ツギトコノイエニスムジョセイタチトセックススルダケダッタ。
114,男,タ'ダ、ヒト'ツコトナルテンハトイエバ、コス'トトタイムオオサエ、ジメ'ツスルノオフセギナガラ、セツ'ヤクセックスシタクライダ。,中性,100,115,タ'ダ、ヒト'ツコトナルテンハトイエバ、コス'トトタイムオオサエ、ジメ'ツスルノオフセギナガラ、セツ'ヤクセックスシタクライダ。
115,男,ダケ'ドモ、ソノ'カテイノドコカニカノジョタチガヘンカスルヨウインガアッタノダトカンガエル。ソ'シテ、ソノ'ヨウインハボクノコウドウニアル。,中性,100,115,ダケ'ドモ、ソノ'カテイノドコカニカノジョタチガヘンカスルヨウインガアッタノダトカンガエル。ソ'シテ、ソノ'ヨウインハボクノコウドウニアル。
116,男,ダ'ガ、ボク'ワアタマオフルカイテンシテカイセキシテモ、トク'ニメイカクナコタエハミツカラナカッタ。フト'フタリオミルト、ショッ'キガソラナノニキズク。,中性,100,115,ダ'ガ、ボク'ワアタマオフルカイテンシテカイセキシテモ、トク'ニメイカクナコタエハミツカラナカッタ。フト'フタリオミルト、ショッ'キガソラナノニキズク。
117,男,ゴ'メシ、タベ'オワッタンデスネ。ボク'ワソウイウト、フタ'リガソラニシタショッキオキョウドウキッチンニワコビ、アト'カタズケオスル。,中性,100,115,ゴ'メシ、タベ'オワッタンデスネ。ボク'ワソウイウト、フタ'リガソラニシタショッキオキョウドウキッチンニワコビ、アト'カタズケオスル。
118,霊夢,ソ'シテ、アト'カタズケガオワルト、フト'ムコウニポケベルオワスレテイッタコトオオモイダシ、レイ'ムタチニソノアリカオタズネル。,f1,100,100,ソ'シテ、アト'カタズケガオワルト、フト'ムコウニポケベルオワスレテイッタコトオオモイダシ、レイ'ムタチニソノアリカオタズネル。
119,霊夢,アン'タノポケベルノコトスッカリワスレテイタワ。ワタ'シワ、ソウ'イイ、カノ'ポケベルオサガス。,f1,100,100,アン'タノポケベルノコトスッカリワスレテイタワ。ワタ'シワ、ソウ'イイ、カノ'ポケベルオサガス。
120,霊夢,ソ'シテ、スー'ツケースカラカノポケベルオトリダストカレニワタス。ポケ'ベルオナクサナイヨウニキオツケテヨネ。,f1,100,100,ソ'シテ、スー'ツケースカラカノポケベルオトリダストカレニワタス。ポケ'ベルオナクサナイヨウニキオツケテヨネ。
121,男,ソウ'デスネ。、シッ'カリトジブンデカンリシテナクサナイヨウニシマス。ボク'ワソウイイナガラ、ポケ'ベルオポッケニイレル。,中性,100,115,ソウ'デスネ。、シッ'カリトジブンデカンリシテナクサナイヨウニシマス。ボク'ワソウイイナガラ、ポケ'ベルオポッケニイレル。
122,男,ソ'レデ、レイ'ムサンタチハ、コレ'カラドウシマスカ。ボク'ワソウタズネル。,中性,100,115,ソ'レデ、レイ'ムサンタチハ、コレ'カラドウシマスカ。ボク'ワソウタズネル。
123,霊夢,スコ'シバカシ、ヨル'ノカゼデモアビテコヨウカシラ。ワタ'シワカレニソウカエス。,f1,100,100,スコ'シバカシ、ヨル'ノカゼデモアビテコヨウカシラ。ワタ'シワカレニソウカエス。
124,霊夢,ソレ'ナラ、カゼ'オヒカナイヨウニキオツケテクダサイネ。コッ'チハムコウノキオントワコトナリマスカラ。,f1,100,100,ソレ'ナラ、カゼ'オヒカナイヨウニキオツケテクダサイネ。コッ'チハムコウノキオントワコトナリマスカラ。
125,霊夢,ワカ'ッタワ。ホ'ラ、マリ'サモイッショニイキマショ。ワタ'シワソウイイ、マリ'サオサソウ。,f1,100,100,ワカ'ッタワ。ホ'ラ、マリ'サモイッショニイキマショ。ワタ'シワソウイイ、マリ'サオサソウ。
126,魔理沙,ワカ'ッタノダゼ。ワタ'シワソウカエスト、レイ'ムトイッショニソトニデタ。,f2,100,100,ワカ'ッタノダゼ。ワタ'シワソウカエスト、レイ'ムトイッショニソトニデタ。
127,男,ボク'ワソレカラ、ジブ'ンノヘヤニモドリ、ニュウ'ヨクオスマスト、ベッ'ドカライシュウオカンジ、サッ'トカケフトンオハズストヨクシツニワコブ。,中性,100,115,ボク'ワソレカラ、ジブ'ンノヘヤニモドリ、ニュウ'ヨクオスマスト、ベッ'ドカライシュウオカンジ、サッ'トカケフトンオハズストヨクシツニワコブ。
128,男,ソ'シテ、ニュウ'ヨクガオワルサイニヌイタヨクソウノセンオフタタビツケテ、ジャグ'チオヒネテミズオダシ、セン'ザイトカケフトンオヨクソウニイレル。,中性,100,115,ソ'シテ、ニュウ'ヨクガオワルサイニヌイタヨクソウノセンオフタタビツケテ、ジャグ'チオヒネテミズオダシ、セン'ザイトカケフトンオヨクソウニイレル。
129,男,ソノ'ママ、マク'ラトマットレスモイレコムト、ボ'クワ、アタ'マノナカデジカンオケイサンシテカラ、カン'ソウトジドウセンヌキキノタイマーオセットシ、ヘヤ'ニモドル。,中性,100,115,ソノ'ママ、マク'ラトマットレスモイレコムト、ボ'クワ、アタ'マノナカデジカンオケイサンシテカラ、カン'ソウトジドウセンヌキキノタイマーオセットシ、ヘヤ'ニモドル。
130,男,ソ'シテ、レイ'ムカラワタサレタジブンノポケベルト、ジブ'ンノコキニツナギ、ガメ'ンオノゾク。,中性,100,115,ソ'シテ、レイ'ムカラワタサレタジブンノポケベルト、ジブ'ンノコキニツナギ、ガメ'ンオノゾク。
131,男,ボ'クワ、ガメ'ンノシジニシタガイ、エン'ターキーオス。,中性,100,115,ボ'クワ、ガメ'ンノシジニシタガイ、エン'ターキーオス。
132,男,ス'ルト、ガメ'ンガキリカワリクルクルマワルエンガヒョウジサレル。,中性,100,115,ス'ルト、ガメ'ンガキリカワリクルクルマワルエンガヒョウジサレル。
133,男,ス'ルト、サイ'ドガメンガキリカワリ、クル'クルマワルエンガヒョウジサレル。,中性,100,115,ス'ルト、サイ'ドガメンガキリカワリ、クル'クルマワルエンガヒョウジサレル。
134,男,ス'ルト、ハイ'イロノガメンニシロイポップアップガデテクル。,中性,100,115,ス'ルト、ハイ'イロノガメンニシロイポップアップガデテクル。
135,男,ス'ルト、デン'ゲンショリノイジョウオカクニンナカデス。トヒョ'ウジサレル。,中性,100,115,ス'ルト、デン'ゲンショリノイジョウオカクニンナカデス。トヒョ'ウジサレル。
136,男,ス'ルト、デン'ゲンショリノイジョウオシュウフクチュウデス。トヒョ'ウジサレル。,中性,100,115,ス'ルト、デン'ゲンショリノイジョウオシュウフクチュウデス。トヒョ'ウジサレル。
137,男,ボ'クワ、ビー'キーオオス。,中性,100,115,ボ'クワ、ビー'キーオオス。
138,男,ボ'クワ、ツギ'ニエーキーオオス。,中性,100,115,ボ'クワ、ツギ'ニエーキーオオス。
139,男,ス'ルト、アノ'オトガポケベルカラナガレダス。,中性,100,115,ス'ルト、アノ'オトガポケベルカラナガレダス。
140,男,ボ'クワ、セン'タクシガデテクルト、エー'キーオオス。,中性,100,115,ボ'クワ、セン'タクシガデテクルト、エー'キーオオス。
141,男,ス'ルト、オヤ'キカラノプログラムフクセイトナガシコミガハジマル。,中性,100,115,ス'ルト、オヤ'キカラノプログラムフクセイトナガシコミガハジマル。
142,男,ソ'シテ、プロ'グラムノテラシアワセガハジマル。,中性,100,115,ソ'シテ、プロ'グラムノテラシアワセガハジマル。
143,男,サイ'ゴニサイキドウショリガハジマル。,中性,100,115,サイ'ゴニサイキドウショリガハジマル。
144,男,ス'ルト、キド'ウオトガナリ、クル'クルマワルエントリンゴマークガデル。,中性,100,115,ス'ルト、キド'ウオトガナリ、クル'クルマワルエントリンゴマークガデル。
145,男,サイ'キドウガオワルト、デス'クトップガデテキタ。ソ'シテ、ボク'ワソコカラネットサーフインオハジメタ。,中性,100,115,サイ'キドウガオワルト、デス'クトップガデテキタ。ソ'シテ、ボク'ワソコカラネットサーフインオハジメタ。
147,男,ボ'クワ、ネッ'トサーフインオクギリヨクオエルトチョウド、ヨク'ソウニイレテイタフトンナドガカワキキリ、ベッ'ドニノセテ、ネム'リニツク。,中性,100,115,ボ'クワ、ネッ'トサーフインオクギリヨクオエルトチョウド、ヨク'ソウニイレテイタフトンナドガカワキキリ、ベッ'ドニノセテ、ネム'リニツク。
148,男,ソ'シテ、メガ'サメルト、ベッ'ドカラオキアガリキョウドウスペースニムカウ。,中性,100,115,ソ'シテ、メガ'サメルト、ベッ'ドカラオキアガリキョウドウスペースニムカウ。
149,男,ボ'クガ、キョウ'ドウスペースニクルト、チョウ'ドアサゴハンガショクタクニナラベラレテイテ、ソレ'オタベハジメルト。,中性,100,115,ボ'クガ、キョウ'ドウスペースニクルト、チョウ'ドアサゴハンガショクタクニナラベラレテイテ、ソレ'オタベハジメルト。
