キャラクター名,声質,速度,音程
男,中性,100,115
女,女性1,100,115
ありす,f1,110,130
いちりん,f2,65,145
うどんげ,f1,80,120
えいき,f2,87,117
おくう,imd1,80,170
かぐや,f1,100,120
かなこ,f1,115,90
きめぇまる,m1,80,140
こいし,f2,50,181
こがさ,imd1,110,130
こーりん,m1,100,105
さくや,f1,105,125
さとり,jgr,115,125
さなえ,f1,130,95
さにーみるく,jgr,125,120
しゃめいまる,f2,100,125
すいか,imd1,100,150
すわこ,f1,80,175
ちるの,f2,115,120
てゐ,imd1,110,120
てんこ,f2,75,134
とらまる,f2,120,110
なずーりん,f1,90,115
にとり,jgr,105,105
ぬえ,f2,100,180
はたて,f2,84,121
ぱちゅりー,f2,120,115
ぱるすぃ,f2,80,130
ひじり,imd1,102,97
ふらん,jgr,100,100
まりさ,f2,100,100
みすちー,f1,100,105
もこう,f2,100,120
もみじ,f1,120,110
やまめ,f2,110,115
ようむ,f2,115,120
りぐる,m1,110,140
りりーほわいと,f1,110,115
りりか,f1,95,135
るなちゃいるど,f2,120,125
れいむ,f1,100,100
れみりあ,f1,80,150
大妖精,女性1,96,138
ルーミア,女性1,63,165
ルーミア 大,女性2,97,135
慧音,中性,95,145
橙,女性1,80,160
藍,女性2,115,113
紫＆幽々子,女性2,96,127
紫＆永琳(BBAネタの時),中性,97,106
お燐,女性2,130,125
幽香,中性1,100,160
小鈴,女性1,99,130
正邪,中性,110,133
美鈴,中性,110,155
パチュリー (ガラガラ声),ロボット,80,94
小悪魔,女性1,95,165
宇宙人,Microsoft Zira Desktop＋エコー,125,90
物部布都,女性1,110,123
罪袋,男性2,110,130
小野塚小町,女性2,100,129
豊聡耳神子,女性1,130,103
響子,女性1,70,165
村紗,女性2,100,132
茨木華扇,女性1,100,140
高麗野あうん,,83,140
西行寺幽々子,女性1,60,150
スターサファイア,女性2,60,150
秦こころ,女性1,70,130
二ッ岩マミゾウ,中性,93,112
八雲紫,女性1,90,120
八意永琳,中性,90,130
依神紫苑,女性2,60～80,140
依神女苑,女性1,80,150
飯綱丸龍,女性2,93,116
菅牧典,女性1,90,130
豪徳寺ミケ,女性1,80,180
駒草太夫（山如）,女性2,110,110
玉造魅須丸,機械1,90,150
天弓千亦,女性1,85,140
姫虫百々世,中性,80,160
山城たかね,女性2,90,150
戎瓔花,女性1,90,160
牛崎潤美,女性2,110,120
庭渡久侘歌,女性1,90,160
吉弔八千慧,中性,115,120
杖刀偶磨弓,機械1,80,160
埴安神袿姫,中性,110,140
驪駒早鬼,中性,70,180
三頭慧ノ子,女性2,85,140
神綺,,60,130
魅魔,女性2,90,125
夢美,,130,80
先代巫女,女性1,130,115
