slide_num,slide_id,character,text_color,text,voice_type,speed,pitch,assets
2,6882226,男,,「んっ…」 僕は、ふと誰かの視線を感じ、目が覚める。,中性,100,115,一人部屋３（日中）-128212.jpg | 一人部屋３（日中）-small-128213.jpeg
3,6882744,男,,そして、ふと上半身を起こして、そちらを向くと、 レミリアとフランが怖い笑みを浮かべていた。,中性,100,115,一人部屋３（日中）-128212.jpg | 一人部屋３（日中）-small-128213.jpeg | 怖い笑い-127758.png | 怖い笑い-127895.png | 怖い笑い-small-127759.png | 怖い笑い-small-127896.png
4,6883265,レミリア,#970E53,「あら、目が覚めたの。」私はそういうと、 素早くベッドに乗り、彼の耳のそばに勢いよく、手をつく。,f1,80,150,一人部屋３（日中）-128212.jpg | 一人部屋３（日中）-small-128213.jpeg | 怖い笑い-127758.png | 怖い笑い-small-127759.png
5,6883924,レミリア,#970E53,「あなた、あの泥棒記者と夜中まで仲良くしてたみたいね。 その理由を聞かせてくれるかしら…？」,f1,80,150,一人部屋３（日中）-128212.jpg | 一人部屋３（日中）-small-128213.jpeg | 怖い笑い-127758.png | 怖い笑い-small-127759.png
6,6885345,男,,僕は、彼女を眺めると同時に、思考を巡らせて、この場を鎮める方法を考える。だが、恐怖の笑みで何も思いつかない…。,中性,100,115,一人部屋３（日中）-128212.jpg | 一人部屋３（日中）-small-128213.jpeg | 怖い笑い-127758.png | 怖い笑い-small-127759.png
7,6885904,男,,仕方なく、僕は覚悟の上で昨晩のことを話す。,中性,100,115,一人部屋３（日中）-128212.jpg | 一人部屋３（日中）-small-128213.jpeg | 怖い笑い-127758.png | 怖い笑い-small-127759.png
8,6887203,レミリア,#970E53,「そう、ならお仕置きね。フラン、準備はいいかしら？」,f1,80,150,一人部屋３（日中）-128212.jpg | 一人部屋３（日中）-small-128213.jpeg | 怖い笑い-127758.png | 怖い笑い-small-127759.png
9,6887586,フラン,#FFD932,「準備は万端だよ、お姉様。」 私はそう言いながら、ベッドに入り、彼の上にまたがる。,jgr,100,100,一人部屋３（日中）-128212.jpg | 一人部屋３（日中）-small-128213.jpeg | 怖い笑い-127758.png | 怖い笑い-127895.png | 怖い笑い-small-127759.png | 怖い笑い-small-127896.png
10,6888184,レミリア,#970E53,「なら、始めるわよ、フラン。」,f1,80,150,一人部屋３（日中）-128212.jpg | 一人部屋３（日中）-small-128213.jpeg | 怖い笑い-127758.png | 怖い笑い-127895.png | 怖い笑い-small-127759.png | 怖い笑い-small-127896.png
11,6888489,フラン,#FFD932,「じゃあ、始めるね、お仕置きを…」 私たちはそういって、彼にお仕置きを始めた。,jgr,100,100,一人部屋３（日中）-128212.jpg | 一人部屋３（日中）-small-128213.jpeg | 怖い笑い-127758.png | 怖い笑い-127895.png | 怖い笑い-small-127759.png | 怖い笑い-small-127896.png
14,6891018,男,,それから僕は、コスト（精子の量）とタイム（お仕置きの時間）を必要最小限に抑え込む工夫をすると、立場が逆転した。,中性,100,115,一人部屋３（日中）-128212.jpg | 一人部屋３（日中）-small-128213.jpeg | 恥ずかしい顔-128839.png | 恥ずかしい顔-small-128840.png | 赤面口閉じ-128833.png | 赤面口閉じ-small-128834.png
15,6892304,男,,「ふぅ…」僕は、二人が起きないように小さく息を吐く。 そして、二人の合間を縫って、ベッドから降りる。,中性,100,115,一人部屋３（日中）-128212.jpg | 一人部屋３（日中）-small-128213.jpeg | 恥ずかしい顔-128839.png | 恥ずかしい顔-small-128840.png | 赤面口閉じ-128833.png | 赤面口閉じ-small-128834.png
16,6892843,男,,そして、これからすべきことを考え、PCの電源を押す。 だが、うまく起動しないので、親機がある部屋に向かう。,中性,100,115,一人部屋３（日中）-128212.jpg | 一人部屋３（日中）-small-128213.jpeg | 恥ずかしい顔-128839.png | 恥ずかしい顔-small-128840.png | 赤面口閉じ-128833.png | 赤面口閉じ-small-128834.png
17,6894126,霊夢,#000000,そして、親機のある部屋に入ると、先ほど借りてきたレミリアのポケベルを床に置き、早速電源を押す。 ,f1,100,100,Apple Creator Studioの画像 2026-07-24_17-04-11_2-129026.png | Apple Creator Studioの画像 2026-07-24_17-04-11_2-small-129027.png
18,6895113,男,#FFFFFF,そして、ポケベルのアイコンにカーソルを合わせてクリックする。,中性,100,115,A1DD21DE-9AB8-500D-B285-8A3946DA22C1-129055.jpeg | A1DD21DE-9AB8-500D-B285-8A3946DA22C1-small-129056.jpeg
19,6899219,男,#FFFFFF, すると、前に１度だけみたWebページが開く。 そして僕は、操作にカーソルを合わせる。 操作 Web,中性,100,115,A1DD21DE-9AB8-500D-B285-8A3946DA22C1-129055.jpeg | A1DD21DE-9AB8-500D-B285-8A3946DA22C1-small-129056.jpeg | 長ズボンにとり（微笑）-129092.png | 長ズボンにとり（微笑）-small-129093.png
20,6902230,男,#FFFFFF, 次に発信にカーソルを合わせて選択する。 操作 Web 発信 受信確認 リロード キー設定 キャリア 速度測定 通話記録 情報共有 その他…,中性,100,115,A1DD21DE-9AB8-500D-B285-8A3946DA22C1-129055.jpeg | A1DD21DE-9AB8-500D-B285-8A3946DA22C1-small-129056.jpeg | 長ズボンにとり（微笑）-129092.png | 長ズボンにとり（微笑）-small-129093.png
21,6908852,男,#FFFFFF,次に霊夢にカーソルを合わせる。 ,中性,100,115,A1DD21DE-9AB8-500D-B285-8A3946DA22C1-129055.jpeg | A1DD21DE-9AB8-500D-B285-8A3946DA22C1-small-129056.jpeg | 長ズボンにとり（微笑）-129092.png | 長ズボンにとり（微笑）-small-129093.png
22,6910162,男,#FFFFFF,ポケベル ポケベル初回設定 Files PocketBell/control/dispatch/霊夢  すると、「博麗霊夢に発信中…」と表示される。 操作 Web キャンセル,中性,100,115,A1DD21DE-9AB8-500D-B285-8A3946DA22C1-129055.jpeg | A1DD21DE-9AB8-500D-B285-8A3946DA22C1-small-129056.jpeg
23,6915540,霊夢,#EE220C,私は、ふとポケベルの振動を感じ、ポッケから出すと、レミリアからの着信だった。そして、オレンジ色のボタンを押す。,f1,100,100,Apple Creator Studioの画像 2026-08-17_19-42-26-129525.png | Apple Creator Studioの画像 2026-08-17_19-42-26-small-129526.png | nc268704_リビング２（日中）-129517.jpg | nc268704_リビング２（日中）-small-129518.jpeg
24,6918342,男,#FFFFFF,ポケベル ポケベル初回設定 Files PocketBell/control/dispatch/霊夢 「もしもし、霊夢さん、聞こえますか？」 ,中性,100,115,A1DD21DE-9AB8-500D-B285-8A3946DA22C1-129055.jpeg | A1DD21DE-9AB8-500D-B285-8A3946DA22C1-small-129056.jpeg
25,6919887,霊夢,#EE220C,「この声は、操夢？なんで、操夢がレミリアのポケベルを持ってるの？今どこにいるの？」,f1,100,100,Apple Creator Studioの画像 2026-08-17_19-46-22-129599.png | Apple Creator Studioの画像 2026-08-17_19-46-22-small-129600.png | nc268704_リビング２（日中）-129517.jpg | nc268704_リビング２（日中）-small-129518.jpeg
26,6921580,男,#FFFFFF,ポケベル ポケベル初回設定 Files PocketBell/control/dispatch/霊夢 僕は、そう聞く霊夢に対して、すこし記憶が戻り、島唄居酒屋のところから、今朝までの経緯を話す。 ,中性,100,115,A1DD21DE-9AB8-500D-B285-8A3946DA22C1-129055.jpeg | A1DD21DE-9AB8-500D-B285-8A3946DA22C1-small-129056.jpeg
27,6922280,霊夢,#EE220C,「え？そういうことは、私たちの家にいるの？」,f1,100,100,Apple Creator Studioの画像 2026-08-17_19-46-22-129599.png | Apple Creator Studioの画像 2026-08-17_19-46-22-small-129600.png | nc268704_リビング２（日中）-129517.jpg | nc268704_リビング２（日中）-small-129518.jpeg
28,6922764,霊夢,#FFFFFF, 「そうです。それで、さっきまでレミリアとフランさんに…」  ,f1,100,100,A1DD21DE-9AB8-500D-B285-8A3946DA22C1-129055.jpeg | A1DD21DE-9AB8-500D-B285-8A3946DA22C1-small-129056.jpeg
29,6923534,霊夢,#EE220C,私は、彼のその発言に衝撃を受ける… 「操夢、私たちが帰ったらみっちり、お仕置きね…」,f1,100,100,Apple Creator Studioの画像 2026-08-17_19-46-22-129599.png | Apple Creator Studioの画像 2026-08-17_19-46-22-small-129600.png | nc268704_リビング２（日中）-129517.jpg | nc268704_リビング２（日中）-small-129518.jpeg
30,6926015,男,#FFFFFF, 「えっと…はい…それで、いつごろこっちに戻りますか？」 ,中性,100,115,A1DD21DE-9AB8-500D-B285-8A3946DA22C1-129055.jpeg | A1DD21DE-9AB8-500D-B285-8A3946DA22C1-small-129056.jpeg
31,6926542,霊夢,#EE220C,「とりあえず、魔理沙たちを呼んで、今すぐそっちに行けるようにするから、待ってなさい。レミリアにポケベルも返すのよ。」,f1,100,100,Apple Creator Studioの画像 2026-08-17_19-46-22-129599.png | Apple Creator Studioの画像 2026-08-17_19-46-22-small-129600.png | nc268704_リビング２（日中）-129517.jpg | nc268704_リビング２（日中）-small-129518.jpeg
32,6927257,男,#FFFFFF,「分かりました。」 僕はそういうと、通話を終了のボタンを選択した。 ,中性,100,115,A1DD21DE-9AB8-500D-B285-8A3946DA22C1-129055.jpeg | A1DD21DE-9AB8-500D-B285-8A3946DA22C1-small-129056.jpeg
33,6927879,男,#000000,僕はふと気がつくと、レミリアとフランの二人が部屋に入ってきた。だが、なんとなく二人の様子に違和感を覚える。 ,中性,100,115,Apple Creator Studioの画像 2026-07-24_17-04-11_2-129026.png | Apple Creator Studioの画像 2026-07-24_17-04-11_2-small-129027.png | 後ろ手赤面小口明け-129961.png | 後ろ手赤面小口明け-small-129962.png | 赤面小口開け-129879.png | 赤面小口開け-small-129880.png
34,6929927,レミリア,#970E53,「ねぇ、操夢…、もう一回私を…いい気持ちにして…」,f1,80,150,Apple Creator Studioの画像 2026-07-24_17-04-11_2-129026.png | Apple Creator Studioの画像 2026-07-24_17-04-11_2-small-129027.png | 後ろ手赤面小口明け-129961.png | 後ろ手赤面小口明け-small-129962.png | 赤面小口開け-129879.png | 赤面小口開け-small-129880.png
35,6933979,フラン,#FFD932,「私も…お願い…操夢…」 ,jgr,100,100,Apple Creator Studioの画像 2026-07-24_17-04-11_2-129026.png | Apple Creator Studioの画像 2026-07-24_17-04-11_2-small-129027.png | 後ろ手赤面小口明け-129961.png | 後ろ手赤面小口明け-small-129962.png | 赤面小口開け-129879.png | 赤面小口開け-small-129880.png
36,6934327,男,#000000,僕は、二人の表情から何が起きたのかを分析すると、ある予測と傾向が浮かび上がる。それは、警告でもあった。 ,中性,100,115,Apple Creator Studioの画像 2026-07-24_17-04-11_2-129026.png | Apple Creator Studioの画像 2026-07-24_17-04-11_2-small-129027.png | 後ろ手赤面小口明け-129961.png | 後ろ手赤面小口明け-small-129962.png | 赤面小口開け-129879.png | 赤面小口開け-small-129880.png
37,6935056,男,#000000,だが、僕は、何も言わずに、レミリアを抱き抱えると、自室のベッドに運び、フランも運び込んだ。 ,中性,100,115,Apple Creator Studioの画像 2026-07-24_17-04-11_2-129026.png | Apple Creator Studioの画像 2026-07-24_17-04-11_2-small-129027.png | 後ろ手赤面小口明け-129961.png | 後ろ手赤面小口明け-small-129962.png | 赤面小口開け-129879.png | 赤面小口開け-small-129880.png
39,6937945,男,,僕は、先ほど同じように二人とセックスすると、そのままそっとベッドで寝かしつけた。そして、レミリアのポケベルを戻す。,中性,100,115,一人部屋３（日中）-128212.jpg | 一人部屋３（日中）-small-128213.jpeg | 恥ずかしい顔-128839.png | 恥ずかしい顔-small-128840.png | 赤面口閉じ-128833.png | 赤面口閉じ-small-128834.png
40,6939875,男,,僕はそれから、共同スペースに降りてくる。 すると、そこには、パチュリーと咲夜がいた。,中性,100,115,パチュリー（驚く）-130264.png | パチュリー（驚く）-small-130265.png | リビング（日中）-130228.jpg | リビング（日中）-small-130229.jpeg | 咲夜（驚く）-130271.png | 咲夜（驚く）-small-130272.png
41,6940763,パチュリー,#D41876,「あなた…思ったより元気じゃない…心配して損したわ…」,f2,120,115,パチュリー（困る）-130282.png | パチュリー（困る）-small-130283.png | リビング（日中）-130228.jpg | リビング（日中）-small-130229.jpeg | 咲夜（困る）-130285.png | 咲夜（困る）-small-130286.png
42,6943495,咲夜,#D5D5D5,「それで、先についたお嬢様たちは、どこにいるのですか？」,f1,105,125,パチュリー（困る）-130282.png | パチュリー（困る）-small-130283.png | リビング（日中）-130228.jpg | リビング（日中）-small-130229.jpeg | 咲夜（困る）-130285.png | 咲夜（困る）-small-130286.png
43,6943906,男,,僕は、そこで、先ほどまでの流れを説明する。,中性,100,115,パチュリー（困る）-130282.png | パチュリー（困る）-small-130283.png | リビング（日中）-130228.jpg | リビング（日中）-small-130229.jpeg | 咲夜（困る）-130285.png | 咲夜（困る）-small-130286.png
44,6944322,パチュリー,#D41876,「あなた、それは、もはや単なるセックスの領域超えて、あの二人のあなたに懐かせているんじゃない…」,f2,120,115,パチュリー（驚く）-130385.png | パチュリー（驚く）-small-130386.png | リビング（日中）-130228.jpg | リビング（日中）-small-130229.jpeg | 咲夜（驚く）-130382.png | 咲夜（驚く）-small-130383.png
45,6946192,咲夜,#D5D5D5,「もはや、懐かせるのではなくて、彼とじゃないとセックスでいい気持ちにならなくなってるんじゃ…」,f1,105,125,パチュリー（驚く）-130385.png | パチュリー（驚く）-small-130386.png | リビング（日中）-130228.jpg | リビング（日中）-small-130229.jpeg | 咲夜（驚く）-130382.png | 咲夜（驚く）-small-130383.png
46,6946971,パチュリー,#D41876,「ねぇ…私とセックスしてくれないかしら…、あの二人が感じたあなたのテクニックを私も感じたいわ…」,f2,120,115,うずうず-130559.png | うずうず-130562.png | うずうず-small-130560.png | うずうず-small-130563.png | リビング（日中）-130228.jpg | リビング（日中）-small-130229.jpeg
47,6950947,咲夜,#D5D5D5,「私も…あなたのテクニックを自分で実感したい…です…」,f1,105,125,うずうず-130559.png | うずうず-130562.png | うずうず-small-130560.png | うずうず-small-130563.png | リビング（日中）-130228.jpg | リビング（日中）-small-130229.jpeg
48,6951338,男,,「それなら、どこでしますか？今、僕の部屋はフランさんとレミリアさんが寝ているので、入れないですが…」,中性,100,115,うずうず-130559.png | うずうず-130562.png | うずうず-small-130560.png | うずうず-small-130563.png | リビング（日中）-130228.jpg | リビング（日中）-small-130229.jpeg
49,6951831,咲夜,#D5D5D5,「それなら、私の部屋にしましょう…」 私は、そう彼に提案する。,f1,105,125,うずうず-130559.png | うずうず-130562.png | うずうず-small-130560.png | うずうず-small-130563.png | リビング（日中）-130228.jpg | リビング（日中）-small-130229.jpeg
50,6952219,男,,「分かりました…」 僕はそれから、二人と共に咲夜の部屋に向かった。,中性,100,115,うずうず-130559.png | うずうず-130562.png | うずうず-small-130560.png | うずうず-small-130563.png | リビング（日中）-130228.jpg | リビング（日中）-small-130229.jpeg
52,6952965,男,,そして、二人とセックスすると、納得したような感じの表情を見せて、それから数分後には、すやすやと眠り始めた。,中性,100,115,nc301377_一人部屋２（日中）-130661.jpg | nc301377_一人部屋２（日中）-small-130662.jpeg | 頬照り寝顔-130655.png | 頬照り寝顔-130658.png | 頬照り寝顔-small-130656.png | 頬照り寝顔-small-130659.png
53,6956592,男,,僕は、もう一度、共同スペースに降りてくると、ふと眠気が来て、 そのままソファに横になって、目を閉じた。,中性,100,115,リビング（日中）-130228.jpg | リビング（日中）-small-130229.jpeg
55,6957614,男,,僕は、ふと目が覚めると、そこには霊夢と 魔理沙がうずうずした状態で立っていた。,中性,100,115,うずうず-130798.png | うずうず-130829.png | うずうず-small-130799.png | うずうず-small-130830.png | リビング（夕方）-130780.jpg | リビング（夕方）-small-130781.jpeg
56,6962512,霊夢,#EE220C,「あんた…どうやってあの四人を溺れさせたのよ…」,f1,100,100,うずうず-130798.png | うずうず-130829.png | うずうず-small-130799.png | うずうず-small-130830.png | リビング（夕方）-130780.jpg | リビング（夕方）-small-130781.jpeg
57,6963157,魔理沙,#FFF056,「私も気になるのだぜ…フランの様子もいつもと違ってたし…」,f2,100,100,うずうず-130798.png | うずうず-130829.png | うずうず-small-130799.png | うずうず-small-130830.png | リビング（夕方）-130780.jpg | リビング（夕方）-small-130781.jpeg
58,6963647,男,,僕は、彼女たちの思考を予測し、何が言いたいのかを考える。 「霊夢さんたちも…体感したいのですか…？」,中性,100,115,うずうず-130798.png | うずうず-130829.png | うずうず-small-130799.png | うずうず-small-130830.png | リビング（夕方）-130780.jpg | リビング（夕方）-small-130781.jpeg
59,6966408,霊夢,#EE220C,「そうに…決まってるじゃない。こっちは、あんたのことで、あそこが渦巻いてるのよ…」,f1,100,100,うずうず-130798.png | うずうず-130829.png | うずうず-small-130799.png | うずうず-small-130830.png | リビング（夕方）-130780.jpg | リビング（夕方）-small-130781.jpeg
60,6966979,魔理沙,#FFF056,「私もだぜ…」,f2,100,100,うずうず-130798.png | うずうず-130829.png | うずうず-small-130799.png | うずうず-small-130830.png | リビング（夕方）-130780.jpg | リビング（夕方）-small-130781.jpeg
61,6967271,霊夢,,「レミリアさんたちは…？」,f1,100,100,うずうず-130798.png | うずうず-130829.png | うずうず-small-130799.png | うずうず-small-130830.png | リビング（夕方）-130780.jpg | リビング（夕方）-small-130781.jpeg
62,6967537,霊夢,#EE220C,「彼女たちなら、あんたのことを私たちに告げてから、 紅魔館に戻っていったわ…。」,f1,100,100,うずうず-130798.png | うずうず-130829.png | うずうず-small-130799.png | うずうず-small-130830.png | リビング（夕方）-130780.jpg | リビング（夕方）-small-130781.jpeg
63,6968147,魔理沙,#FFF056,「そろそろ、アレが垂れそうだぜ…、 早くお前のベッドに行かないか…？」,f2,100,100,うずうず-130798.png | うずうず-130829.png | うずうず-small-130799.png | うずうず-small-130830.png | リビング（夕方）-130780.jpg | リビング（夕方）-small-130781.jpeg
64,6970010,男,,「そうですか…。」 僕はそう呟くと、ソファからおり、自分の部屋に向かう。,中性,100,115,うずうず-130798.png | うずうず-130829.png | うずうず-small-130799.png | うずうず-small-130830.png | リビング（夕方）-130780.jpg | リビング（夕方）-small-130781.jpeg
65,6970516,男,,僕たちが僕の部屋に入ると、霊夢が僕の体をいきなり掴み、ベッドに押し倒し、そこから僕と二人とのセックスが始まった。,中性,100,115,一人部屋３（夕方）-131177.jpg | 一人部屋３（夕方）-small-131178.jpeg
68,6971890,男,,僕は、二人とのセックスすると、数分くらいで彼女たちは眠りに落ちていった。何だか魔理沙のアレが前回より出てる気がした。,中性,100,115,一人部屋３（夜・照明ON）-131409.jpg | 一人部屋３（夜・照明ON）-small-131410.jpeg | 気持ちの良い寝顔-131270.png | 気持ちの良い寝顔-131276.png | 気持ちの良い寝顔-small-131271.png | 気持ちの良い寝顔-small-131277.png
69,6975584,男,,それは、霊夢にも言えることで、二人の感度がいつもより高くなっているのか、健康面で不安を感じるほどアレが出た。,中性,100,115,一人部屋３（夜・照明ON）-131409.jpg | 一人部屋３（夜・照明ON）-small-131410.jpeg | 気持ちの良い寝顔-131270.png | 気持ちの良い寝顔-131276.png | 気持ちの良い寝顔-small-131271.png | 気持ちの良い寝顔-small-131277.png
70,6976157,男,,そして僕は、そっと部屋から出ていく。 その足取りでそのまま、共同スペースに向かう。,中性,100,115,一人部屋３（夜・照明ON）-131409.jpg | 一人部屋３（夜・照明ON）-small-131410.jpeg | 気持ちの良い寝顔-131270.png | 気持ちの良い寝顔-131276.png | 気持ちの良い寝顔-small-131271.png | 気持ちの良い寝顔-small-131277.png
71,6977877,咲夜,#D5D5D5,「操夢さん、今ちょうど夕飯ができて、並べたところですよ。」 私は、上から降りてきた彼にいう。,f1,105,125,リビング（夜・照明ON・カーテン閉）-131419.jpg | リビング（夜・照明ON・カーテン閉）-small-131420.jpeg | 咲夜（微笑）-131431.png | 咲夜（微笑）-small-131432.png
72,6978738,男,,「あっ、ありがとうございます…」 僕はそう返す。,中性,100,115,リビング（夜・照明ON・カーテン閉）-131419.jpg | リビング（夜・照明ON・カーテン閉）-small-131420.jpeg | 咲夜（微笑）-131431.png | 咲夜（微笑）-small-131432.png
73,6979104,咲夜,#D5D5D5,「いえ、お礼なんていいですよ。それより食べてください。」 私は、彼とのセックスしたい欲を抑えていう。,f1,105,125,リビング（夜・照明ON・カーテン閉）-131419.jpg | リビング（夜・照明ON・カーテン閉）-small-131420.jpeg | 咲夜（笑い）-131489.png | 咲夜（笑い）-small-131490.png
74,6981754,男,,僕は、「いただきます」といってから、ご飯を食べ始める。 すると、彼女は僕と対角の席に座る。,中性,100,115,リビング（夜・照明ON・カーテン閉）-131419.jpg | リビング（夜・照明ON・カーテン閉）-small-131420.jpeg | 咲夜（余裕）-131615.png | 咲夜（余裕）-small-131616.png
75,6982492,男,,「咲夜さん、なんでニヤついているんですか…」 僕は彼女の思考を予測しながら、話しかける。,中性,100,115,リビング（夜・照明ON・カーテン閉）-131419.jpg | リビング（夜・照明ON・カーテン閉）-small-131420.jpeg | 咲夜（余裕）-131615.png | 咲夜（余裕）-small-131616.png
76,6982902,咲夜,#D5D5D5,「いつの間に…ちょっと、席を外しますね…。」 私はそう言い、椅子から立ち上がる。,f1,105,125,リビング（夜・照明ON・カーテン閉）-131419.jpg | リビング（夜・照明ON・カーテン閉）-small-131420.jpeg | 咲夜（弱る）-130501.png | 咲夜（弱る）-small-131647.png
77,6983526,男,,「後片付けなら僕がしておくので、咲夜さんは共同キッチンに戻らなくても大丈夫ですよ。」僕はそう彼女に告げる。,中性,100,115,リビング（夜・照明ON・カーテン閉）-131419.jpg | リビング（夜・照明ON・カーテン閉）-small-131420.jpeg | 咲夜（弱る）-130501.png | 咲夜（弱る）-small-131647.png
78,6985405,咲夜,#D5D5D5,「そうですか…」 彼のその言葉に、ふと彼とさっきしたセックスが目に浮かぶ…,f1,105,125,リビング（夜・照明ON・カーテン閉）-131419.jpg | リビング（夜・照明ON・カーテン閉）-small-131420.jpeg | 咲夜（余裕）-131615.png | 咲夜（余裕）-small-131616.png
79,6986119,男,,「咲夜さん…さっきから様子が変ですよ…」 僕は、彼女に視線を当てながらそういう。,中性,100,115,リビング（夜・照明ON・カーテン閉）-131419.jpg | リビング（夜・照明ON・カーテン閉）-small-131420.jpeg | 咲夜（余裕）-131615.png | 咲夜（余裕）-small-131616.png
80,6986585,咲夜,#D5D5D5,「はっ…」私は彼の指摘にふと驚きの声を上げる。そして、このままここにいるのは良くない考え、ささっと部屋に戻った。,f1,105,125,リビング（夜・照明ON・カーテン閉）-131419.jpg | リビング（夜・照明ON・カーテン閉）-small-131420.jpeg | 咲夜（驚く）-130382.png | 咲夜（驚く）-small-130383.png
81,6988583,男,,僕は、一人共同スペースで黙々とご飯を食べ進め、 完食すると、食器の後片付けを済ます。,中性,100,115,リビング（夜・照明ON・カーテン閉）-131419.jpg | リビング（夜・照明ON・カーテン閉）-small-131420.jpeg
82,6989194,男,,すると、さとりとこいしが帰ってくる。 「お帰りなさい。」,中性,100,115,リビング（夜・照明ON・カーテン閉）-131419.jpg | リビング（夜・照明ON・カーテン閉）-small-131420.jpeg | 困った笑み小口笑い-131910.png | 困った笑み小口笑い-131918.png | 困った笑み小口笑い-small-131911.png | 困った笑み小口笑い-small-131919.png
83,6992253,さとり,#FF95CA,「よかったです、操夢が無事で…」 私はそういう。,jgr,115,125,リビング（夜・照明ON・カーテン閉）-131419.jpg | リビング（夜・照明ON・カーテン閉）-small-131420.jpeg | 困った笑み小口笑い-131910.png | 困った笑み小口笑い-131918.png | 困った笑み小口笑い-small-131911.png | 困った笑み小口笑い-small-131919.png
84,6992646,こいし,#017100,「私も、安心した…」,f2,50,181,リビング（夜・照明ON・カーテン閉）-131419.jpg | リビング（夜・照明ON・カーテン閉）-small-131420.jpeg | 困った笑み小口笑い-131910.png | 困った笑み小口笑い-131918.png | 困った笑み小口笑い-small-131911.png | 困った笑み小口笑い-small-131919.png
85,6992943,男,,「そうですか、先に、お風呂とご飯のどっちにしますか？」 僕は、そう聞く。,中性,100,115,リビング（夜・照明ON・カーテン閉）-131419.jpg | リビング（夜・照明ON・カーテン閉）-small-131420.jpeg | 困った笑み小口笑い-131910.png | 困った笑み小口笑い-131918.png | 困った笑み小口笑い-small-131911.png | 困った笑み小口笑い-small-131919.png
86,6993381,さとり,#FF95CA,「私は、先にお風呂に入ってきますね…」,jgr,115,125,リビング（夜・照明ON・カーテン閉）-131419.jpg | リビング（夜・照明ON・カーテン閉）-small-131420.jpeg | 困った笑み小口笑い-131910.png | 困った笑み小口笑い-131918.png | 困った笑み小口笑い-small-131911.png | 困った笑み小口笑い-small-131919.png
87,6993733,こいし,#017100,「私も、そうしようかな…」,f2,50,181,リビング（夜・照明ON・カーテン閉）-131419.jpg | リビング（夜・照明ON・カーテン閉）-small-131420.jpeg | 困った笑み小口笑い-131910.png | 困った笑み小口笑い-131918.png | 困った笑み小口笑い-small-131911.png | 困った笑み小口笑い-small-131919.png
88,6994035,男,,「僕は、その間に歯磨きでもしようかな…」 僕はそういうと、僕たちはそれぞれの部屋に向かう。,中性,100,115,リビング（夜・照明ON・カーテン閉）-131419.jpg | リビング（夜・照明ON・カーテン閉）-small-131420.jpeg | 困った笑み小口笑い-131910.png | 困った笑み小口笑い-131918.png | 困った笑み小口笑い-small-131911.png | 困った笑み小口笑い-small-131919.png
90,6996236,男,,僕は、二人の夕飯を作り、二人が夕飯を食べながら、会話を交わすうちに、話の流れで、さっきまでの経緯を語っていた。,中性,100,115,こいし（驚く）-132152.png | こいし（驚く）-small-132153.png | さとり（驚く）-132149.png | さとり（驚く）-small-132150.png | リビング（夜・照明ON・カーテン閉）-131419.jpg | リビング（夜・照明ON・カーテン閉）-small-131420.jpeg
91,6996967,男,,僕は、二人の夕飯を作り、二人が夕飯を食べながら、会話を交わすうちに、話の流れで、さっきまでの経緯を語っていた。,中性,100,115,こいし（不満）-132209.png | こいし（不満）-small-132210.png | さとり（不満）-132203.png | さとり（不満）-small-132204.png | リビング（夜・照明ON・カーテン閉）-131419.jpg | リビング（夜・照明ON・カーテン閉）-small-131420.jpeg
92,6999604,さとり,#FF95CA,「霊夢たちだけずるいですよ、あなたのテクニックで溺れられるなんて…、私たちにもそれを体感させてください。」,jgr,115,125,こいし（不満）-132209.png | こいし（不満）-small-132210.png | さとり（不満）-132203.png | さとり（不満）-small-132204.png | リビング（夜・照明ON・カーテン閉）-131419.jpg | リビング（夜・照明ON・カーテン閉）-small-131420.jpeg
93,7000446,こいし,#017100,「私にも、させて…」,f2,50,181,こいし（不満）-132209.png | こいし（不満）-small-132210.png | さとり（不満）-132203.png | さとり（不満）-small-132204.png | リビング（夜・照明ON・カーテン閉）-131419.jpg | リビング（夜・照明ON・カーテン閉）-small-131420.jpeg
94,7000792,男,,「そうですか…いいですよ。それで、誰の部屋でやりますか？僕の部屋は、今霊夢さんと魔理沙さんが寝てるから使えませんが…」,中性,100,115,こいし（不満）-132209.png | こいし（不満）-small-132210.png | さとり（不満）-132203.png | さとり（不満）-small-132204.png | リビング（夜・照明ON・カーテン閉）-131419.jpg | リビング（夜・照明ON・カーテン閉）-small-131420.jpeg
95,7002172,さとり,#FF95CA,「それなら、私の部屋にしましょ。」,jgr,115,125,こいし（不満）-132209.png | こいし（不満）-small-132210.png | さとり（怒る）-132375.png | さとり（怒る）-small-132376.png | リビング（夜・照明ON・カーテン閉）-131419.jpg | リビング（夜・照明ON・カーテン閉）-small-131420.jpeg
96,7002584,男,,「分かりました…」 僕は、そういうと、3人でさとりの部屋に向かった。,中性,100,115,こいし（不満）-132209.png | こいし（不満）-small-132210.png | さとり（怒る）-132375.png | さとり（怒る）-small-132376.png | リビング（夜・照明ON・カーテン閉）-131419.jpg | リビング（夜・照明ON・カーテン閉）-small-131420.jpeg
97,7003231,こいし,#017100,「じゃあ、始めるよ…」 私たちは彼をベッドに押し倒すと、そういって、始めた。,f2,50,181,nc301379_一人部屋２（夜・照明ON）-132413.jpg | nc301379_一人部屋２（夜・照明ON）-small-132414.jpeg | こいし（怒る）-132419.png | こいし（怒る）-small-132420.png | さとり（怒る）-132375.png | さとり（怒る）-small-132376.png
99,7004876,男,,僕は、二人が霊夢たちと同じような感じで眠りにつくと、二人を起こさないようにそっと、ベッドから降りる。,中性,100,115,nc301379_一人部屋２（夜・照明ON）-132413.jpg | nc301379_一人部屋２（夜・照明ON）-small-132414.jpeg | 気持ちの良い寝顔-132489.png | 気持ちの良い寝顔-132501.png | 気持ちの良い寝顔-small-132490.png | 気持ちの良い寝顔-small-132502.png
100,7008771,男,,そして、その足取りで共同スペースに戻る。,中性,100,115,nc301379_一人部屋２（夜・照明ON）-132413.jpg | nc301379_一人部屋２（夜・照明ON）-small-132414.jpeg | 気持ちの良い寝顔-132489.png | 気持ちの良い寝顔-132501.png | 気持ちの良い寝顔-small-132490.png | 気持ちの良い寝顔-small-132502.png
101,7009125,男,,僕が共同スペースに降りてくると、霊夢たちがいた。 「二人とも、目が覚めたんですね…」,中性,100,115,リビング（夜・照明ON・カーテン閉）-131419.jpg | リビング（夜・照明ON・カーテン閉）-small-131420.jpeg | 霊夢（微笑）-132581.png | 霊夢（微笑）-small-132582.png | 魔理沙（微笑）-132608.png | 魔理沙（微笑）-small-132609.png
102,7011128,霊夢,#EE220C,「あんたのお風呂借りて、スッキリしてきたわ。」 私は、彼ともう一度セックスしたい気持ちを抑えながらいう。,f1,100,100,リビング（夜・照明ON・カーテン閉）-131419.jpg | リビング（夜・照明ON・カーテン閉）-small-131420.jpeg | 霊夢（笑い）-132645.png | 霊夢（笑い）-small-132646.png | 魔理沙（笑い）-132642.png | 魔理沙（笑い）-small-132643.png
103,7012091,魔理沙,#FFF056,「それで、操夢は何してたんだ？」私は、彼に犯されたい気持ちを堪えながらいう。,f2,100,100,リビング（夜・照明ON・カーテン閉）-131419.jpg | リビング（夜・照明ON・カーテン閉）-small-131420.jpeg | 霊夢（笑い）-132645.png | 霊夢（笑い）-small-132646.png | 魔理沙（笑い）-132642.png | 魔理沙（笑い）-small-132643.png
104,7013756,霊夢,,「そうですか…、それで、夕飯は食べましたか？」,f1,100,100,リビング（夜・照明ON・カーテン閉）-131419.jpg | リビング（夜・照明ON・カーテン閉）-small-131420.jpeg | 霊夢（笑い）-132645.png | 霊夢（笑い）-small-132646.png | 魔理沙（笑い）-132642.png | 魔理沙（笑い）-small-132643.png
105,7014178,霊夢,#EE220C,「いや、まだ食べてないわ…」,f1,100,100,うずうず-130798.png | うずうず-130829.png | うずうず-small-130799.png | うずうず-small-130830.png | リビング（夜・照明ON・カーテン閉）-131419.jpg | リビング（夜・照明ON・カーテン閉）-small-131420.jpeg
106,7015618,魔理沙,#FFF056,「私もまだ食べないぜ…」,f2,100,100,うずうず-130798.png | うずうず-130829.png | うずうず-small-130799.png | うずうず-small-130830.png | リビング（夜・照明ON・カーテン閉）-131419.jpg | リビング（夜・照明ON・カーテン閉）-small-131420.jpeg
107,7015949,男,,「そうですか…じゃあ、僕が作りますね。」 僕はそういうと、共同キッチンに入り、冷蔵庫を開ける。,中性,100,115,うずうず-130798.png | うずうず-130829.png | うずうず-small-130799.png | うずうず-small-130830.png | リビング（夜・照明ON・カーテン閉）-131419.jpg | リビング（夜・照明ON・カーテン閉）-small-131420.jpeg
108,7016364,男,,そして、二人の視線を感じながら、思考を働かせて夕飯を作る。 そして、数十分程度で完成すると、パックご飯とともに出す。,中性,100,115,うずうず-130798.png | うずうず-130829.png | うずうず-small-130799.png | うずうず-small-130830.png | リビング（夜・照明ON・カーテン閉）-131419.jpg | リビング（夜・照明ON・カーテン閉）-small-131420.jpeg
109,7016992,男,,「できましたよ…。二人ともどうしたんですか？」 僕は、二人の思考の分析と予測をしながらいう。,中性,100,115,うずうず-130798.png | うずうず-130829.png | うずうず-small-130799.png | うずうず-small-130830.png | リビング（夜・照明ON・カーテン閉）-131419.jpg | リビング（夜・照明ON・カーテン閉）-small-131420.jpeg
110,7019615,霊夢,#EE220C,「いや、何でもないわ。それじゃ、いただきます。」,f1,100,100,リビング（夜・照明ON・カーテン閉）-131419.jpg | リビング（夜・照明ON・カーテン閉）-small-131420.jpeg | 霊夢（笑い）-132645.png | 霊夢（笑い）-small-132646.png | 魔理沙（笑い）-132642.png | 魔理沙（笑い）-small-132643.png
111,7020139,魔理沙,#FFF056,「いただきますなのだぜ…」,f2,100,100,リビング（夜・照明ON・カーテン閉）-131419.jpg | リビング（夜・照明ON・カーテン閉）-small-131420.jpeg | 霊夢（笑い）-132645.png | 霊夢（笑い）-small-132646.png | 魔理沙（笑い）-132642.png | 魔理沙（笑い）-small-132643.png
112,7020483,男,,僕は、食事をする二人を見ながら、今日を振り返る。レミリアたちにお仕置きを受けてから、彼女たちの様子が変化した。,中性,100,115,リビング（夜・照明ON・カーテン閉）-131419.jpg | リビング（夜・照明ON・カーテン閉）-small-131420.jpeg | 霊夢（笑い）-132645.png | 霊夢（笑い）-small-132646.png | 魔理沙（笑い）-132642.png | 魔理沙（笑い）-small-132643.png
113,7023099,男,,僕は、なぜこのような変化が起きたのかを解析する。僕の行動は、次々とこの家に住む女性たちとセックスするだけだった。,中性,100,115,リビング（夜・照明ON・カーテン閉）-131419.jpg | リビング（夜・照明ON・カーテン閉）-small-131420.jpeg | 霊夢（笑い）-132645.png | 霊夢（笑い）-small-132646.png | 魔理沙（笑い）-132642.png | 魔理沙（笑い）-small-132643.png
114,7023882,霊夢,,ただ、一つ異なる点はといえば、コストとタイムを抑え、自滅するのを防ぎながら、節約セックスしたくらいだ。,f1,100,100,リビング（夜・照明ON・カーテン閉）-131419.jpg | リビング（夜・照明ON・カーテン閉）-small-131420.jpeg | 霊夢（笑い）-132645.png | 霊夢（笑い）-small-132646.png | 魔理沙（笑い）-132642.png | 魔理沙（笑い）-small-132643.png
115,7024542,男,,だけども、その過程のどこかに彼女たちが変化する要因があったのだと考える。そして、その要因は僕の行動にある…。,中性,100,115,リビング（夜・照明ON・カーテン閉）-131419.jpg | リビング（夜・照明ON・カーテン閉）-small-131420.jpeg | 霊夢（笑い）-132645.png | 霊夢（笑い）-small-132646.png | 魔理沙（笑い）-132642.png | 魔理沙（笑い）-small-132643.png
116,7026264,男,,だが、僕は頭をフル回転して解析しても、特に明確な答えは見つからなかった。ふと二人を見ると、食器が空なのに気づく。,中性,100,115,リビング（夜・照明ON・カーテン閉）-131419.jpg | リビング（夜・照明ON・カーテン閉）-small-131420.jpeg | 霊夢（笑い）-132645.png | 霊夢（笑い）-small-132646.png | 魔理沙（笑い）-132642.png | 魔理沙（笑い）-small-132643.png
117,7026907,男,,「ご飯、食べ終わったんですね。」僕はそういうと、二人が空にした食器を共同キッチンに運び、後片付けをする。,中性,100,115,リビング（夜・照明ON・カーテン閉）-131419.jpg | リビング（夜・照明ON・カーテン閉）-small-131420.jpeg | 霊夢（笑い）-132645.png | 霊夢（笑い）-small-132646.png | 魔理沙（笑い）-132642.png | 魔理沙（笑い）-small-132643.png
118,7027706,霊夢,,そして、後片付けが終わると、ふと向こうにポケベルを忘れていったことを思い出し、霊夢たちにその在処を尋ねる。,f1,100,100,リビング（夜・照明ON・カーテン閉）-131419.jpg | リビング（夜・照明ON・カーテン閉）-small-131420.jpeg | 霊夢（笑い）-132645.png | 霊夢（笑い）-small-132646.png | 魔理沙（笑い）-132642.png | 魔理沙（笑い）-small-132643.png
119,7028311,霊夢,#EE220C,「あんたのポケベルのことすっかり忘れていたわ。」 私は、そう言い、彼のポケベルを探す。,f1,100,100,リビング（夜・照明ON・カーテン閉）-131419.jpg | リビング（夜・照明ON・カーテン閉）-small-131420.jpeg | 霊夢（驚く）-133399.png | 霊夢（驚く）-small-133400.png | 魔理沙（笑い）-132642.png | 魔理沙（笑い）-small-132643.png
120,7028876,霊夢,#EE220C,そして、スーツケースから彼のポケベルを取り出すと彼に渡す。 「ポケベルを無くさないように気をつけてよね…」,f1,100,100,リビング（夜・照明ON・カーテン閉）-131419.jpg | リビング（夜・照明ON・カーテン閉）-small-131420.jpeg | 霊夢（笑い）-132645.png | 霊夢（笑い）-small-132646.png | 魔理沙（笑い）-132642.png | 魔理沙（笑い）-small-132643.png
121,7031516,男,,「そうですね…、しっかりと自分で管理して無くさないようにします。」僕はそう言いながら、ポケベルをポッケに入れる。,中性,100,115,リビング（夜・照明ON・カーテン閉）-131419.jpg | リビング（夜・照明ON・カーテン閉）-small-131420.jpeg | 霊夢（笑い）-132645.png | 霊夢（笑い）-small-132646.png | 魔理沙（笑い）-132642.png | 魔理沙（笑い）-small-132643.png
122,7032115,男,,「それで、霊夢さんたちは、これからどうしますか？」 僕はそう尋ねる。,中性,100,115,リビング（夜・照明ON・カーテン閉）-131419.jpg | リビング（夜・照明ON・カーテン閉）-small-131420.jpeg | 霊夢（笑い）-132645.png | 霊夢（笑い）-small-132646.png | 魔理沙（笑い）-132642.png | 魔理沙（笑い）-small-132643.png
123,7032522,霊夢,#EE220C,「少しばかし、夜の風でも浴びてこようかしら…」 私は彼にそう返す。,f1,100,100,リビング（夜・照明ON・カーテン閉）-131419.jpg | リビング（夜・照明ON・カーテン閉）-small-131420.jpeg | 霊夢（笑い）-132645.png | 霊夢（笑い）-small-132646.png | 魔理沙（笑い）-132642.png | 魔理沙（笑い）-small-132643.png
124,7032915,霊夢,,「それなら、風邪をひかないように気をつけてくださいね。 こっちは向こうの気温とは異なりますから。」,f1,100,100,リビング（夜・照明ON・カーテン閉）-131419.jpg | リビング（夜・照明ON・カーテン閉）-small-131420.jpeg | 霊夢（笑い）-132645.png | 霊夢（笑い）-small-132646.png | 魔理沙（笑い）-132642.png | 魔理沙（笑い）-small-132643.png
125,7033368,霊夢,#EE220C,「わかったわ。ほら、魔理沙も一緒にいきましょ。」 私はそう言い、魔理沙を誘う。,f1,100,100,リビング（夜・照明ON・カーテン閉）-131419.jpg | リビング（夜・照明ON・カーテン閉）-small-131420.jpeg | 霊夢（笑い）-132645.png | 霊夢（笑い）-small-132646.png | 魔理沙（笑い）-132642.png | 魔理沙（笑い）-small-132643.png
126,7033807,魔理沙,#FFF056,「わかったのだぜ。」 私はそう返すと、霊夢と一緒に外に出た。,f2,100,100,リビング（夜・照明ON・カーテン閉）-131419.jpg | リビング（夜・照明ON・カーテン閉）-small-131420.jpeg | 霊夢（笑い）-132645.png | 霊夢（笑い）-small-132646.png | 魔理沙（笑い）-132642.png | 魔理沙（笑い）-small-132643.png
127,7034157,男,,僕はそれから、自分の部屋に戻り、入浴を済ますと、ベッドから異臭を感じ、さっと掛け布団を外すと浴室に運ぶ。,中性,100,115,一人部屋３（夜・照明ON）-131409.jpg | 一人部屋３（夜・照明ON）-small-131410.jpeg
128,7035916,男,,そして、入浴が終わる際に抜いた浴槽の栓を再びつけて、蛇口をひねて水を出し、洗剤と掛け布団を浴槽に入れる。,中性,100,115,nc267274_アパートの浴室（照明ON・お湯無し）-133670.jpg | nc267274_アパートの浴室（照明ON・お湯無し）-small-133671.jpeg
129,7037014,男,,そのまま、枕とマットレスも入れ込むと、僕は、頭の中で時間を計算してから、乾燥と自動栓抜きのタイマーをセットし、部屋に戻る。,中性,100,115,nc267274_アパートの浴室（照明ON・お湯無し）-133670.jpg | nc267274_アパートの浴室（照明ON・お湯無し）-small-133671.jpeg
130,7039553,男,,そして、霊夢から渡された自分のポケベルと、 自分の子機につなぎ、画面をのぞく。,中性,100,115,Apple Creator Studioの画像 2026-08-18_08-06-21-133785.png | Apple Creator Studioの画像 2026-08-18_08-06-21-small-133786.png
145,7077094,男,#FFFFFF,再起動が終わると、デスクトップが出てきた。 そして、僕はそこからネットサーフィンを始めた。 ,中性,100,115,A1DD21DE-9AB8-500D-B285-8A3946DA22C1-129055.jpeg | A1DD21DE-9AB8-500D-B285-8A3946DA22C1-small-129056.jpeg
147,5874217,男,,僕は、ネットサーフィンを区切りよく終えるとちょうど、浴槽に入れていた布団などが乾ききり、ベッドに乗せて、眠りにつく。,中性,100,115,一人部屋３（夜・照明ON）-131409.jpg | 一人部屋３（夜・照明ON）-small-131410.jpeg
148,6852156,男,,そして、目が覚めると、 ベッドから起き上がり共同スペースに向かう。,中性,100,115,一人部屋３（日中）-128212.jpg | 一人部屋３（日中）-small-128213.jpeg
149,6853854,男,,僕が、共同スペースに来ると、ちょうど朝ごはんが食卓に並べられていて、それを食べ始めると…,中性,100,115,リビング（日中）-130228.jpg | リビング（日中）-small-130229.jpeg
