slide_num,character,text,voice_type,speed,pitch
2,男,「んっ…」 僕は、ふと誰かの視線を感じ、目が覚める。,中性,100,115
3,男,そして、ふと上半身を起こして、そちらを向くと、 レミリアとフランが怖い笑みを浮かべていた。,中性,100,115
4,レミリア,「あら、目が覚めたの。」私はそういうと、 素早くベッドに乗り、彼の耳のそばに勢いよく、手をつく。,f1,80,150
5,レミリア,「あなた、あの泥棒記者と夜中まで仲良くしてたみたいね。 その理由を聞かせてくれるかしら…？」,f1,80,150
6,男,僕は、彼女を眺めると同時に、思考を巡らせて、この場を鎮める方法を考える。だが、恐怖の笑みで何も思いつかない…。,中性,100,115
7,男,仕方なく、僕は覚悟の上で昨晩のことを話す。,中性,100,115
8,レミリア,「そう、ならお仕置きね。フラン、準備はいいかしら？」,f1,80,150
9,フラン,「準備は万端だよ、お姉様。」 私はそう言いながら、ベッドに入り、彼の上にまたがる。,jgr,100,100
10,レミリア,「なら、始めるわよ、フラン。」,f1,80,150
11,フラン,「じゃあ、始めるね、お仕置きを…」 私たちはそういって、彼にお仕置きを始めた。,jgr,100,100
14,男,それから僕は、コスト（精子の量）とタイム（お仕置きの時間）を必要最小限に抑え込む工夫をすると、立場が逆転した。,中性,100,115
15,男,「ふぅ…」僕は、二人が起きないように小さく息を吐く。 そして、二人の合間を縫って、ベッドから降りる。,中性,100,115
16,男,そして、これからすべきことを考え、PCの電源を押す。 だが、うまく起動しないので、親機がある部屋に向かう。,中性,100,115
17,男,そして、親機のある部屋に入ると、先ほど借りてきたレミリアのポケベルを床に置き、早速電源を押す。,中性,100,115
18,男,そして、ポケベルのアイコンにカーソルを合わせてクリックする。,中性,100,115
19,男,すると、前に１度だけみたWebページが開く。 そして僕は、操作にカーソルを合わせる。,中性,100,115
20,男,次に発信にカーソルを合わせて選択する。,中性,100,115
21,男,次に霊夢にカーソルを合わせる。,中性,100,115
22,男,すると、「博麗霊夢に発信中…」と表示される。,中性,100,115
23,霊夢,私は、ふとポケベルの振動を感じ、ポッケから出すと、レミリアからの着信だった。そして、オレンジ色のボタンを押す。,f1,100,100
24,男,「もしもし、霊夢さん、聞こえますか？」,中性,100,115
25,霊夢,「この声は、操夢？なんで、操夢がレミリアのポケベルを持ってるの？今どこにいるの？」,f1,100,100
26,男,僕は、そう聞く霊夢に対して、すこし記憶が戻り、島唄居酒屋のところから、今朝までの経緯を話す。,中性,100,115
27,霊夢,「え？そういうことは、私たちの家にいるの？」,f1,100,100
28,男,「そうです。それで、さっきまでレミリアとフランさんに…」,中性,100,115
29,霊夢,私は、彼のその発言に衝撃を受ける… 「操夢、私たちが帰ったらみっちり、お仕置きね…」,f1,100,100
30,男,「えっと…はい…それで、いつごろこっちに戻りますか？」,中性,100,115
31,霊夢,「とりあえず、魔理沙たちを呼んで、今すぐそっちに行けるようにするから、待ってなさい。レミリアにポケベルも返すのよ。」,f1,100,100
32,男,「分かりました。」 僕はそういうと、通話を終了のボタンを選択した。,中性,100,115
33,男,僕はふと気がつくと、レミリアとフランの二人が部屋に入ってきた。だが、なんとなく二人の様子に違和感を覚える。,中性,100,115
34,レミリア,「ねぇ、操夢…、もう一回私を…いい気持ちにして…」,f1,80,150
35,フラン,「私も…お願い…操夢…」,jgr,100,100
36,男,僕は、二人の表情から何が起きたのかを分析すると、ある予測と傾向が浮かび上がる。それは、警告でもあった。,中性,100,115
37,男,だが、僕は、何も言わずに、レミリアを抱き抱えると、自室のベッドに運び、フランも運び込んだ。,中性,100,115
39,男,僕は、先ほど同じように二人とセックスすると、そのままそっとベッドで寝かしつけた。そして、レミリアのポケベルを戻す。,中性,100,115
40,男,僕はそれから、共同スペースに降りてくる。 すると、そこには、パチュリーと咲夜がいた。,中性,100,115
41,パチュリー,「あなた…思ったより元気じゃない…心配して損したわ…」,f2,120,115
42,咲夜,「それで、先についたお嬢様たちは、どこにいるのですか？」,f1,105,125
43,男,僕は、そこで、先ほどまでの流れを説明する。,中性,100,115
44,パチュリー,「あなた、それは、もはや単なるセックスの領域超えて、あの二人のあなたに懐かせているんじゃない…」,f2,120,115
45,咲夜,「もはや、懐かせるのではなくて、彼とじゃないとセックスでいい気持ちにならなくなってるんじゃ…」,f1,105,125
46,パチュリー,「ねぇ…私とセックスしてくれないかしら…、あの二人が感じたあなたのテクニックを私も感じたいわ…」,f2,120,115
47,咲夜,「私も…あなたのテクニックを自分で実感したい…です…」,f1,105,125
48,男,「それなら、どこでしますか？今、僕の部屋はフランさんとレミリアさんが寝ているので、入れないですが…」,中性,100,115
49,咲夜,「それなら、私の部屋にしましょう…」 私は、そう彼に提案する。,f1,105,125
50,男,「分かりました…」 僕はそれから、二人と共に咲夜の部屋に向かった。,中性,100,115
52,男,そして、二人とセックスすると、納得したような感じの表情を見せて、それから数分後には、すやすやと眠り始めた。,中性,100,115
53,男,僕は、もう一度、共同スペースに降りてくると、ふと眠気が来て、 そのままソファに横になって、目を閉じた。,中性,100,115
55,男,僕は、ふと目が覚めると、そこには霊夢と 魔理沙がうずうずした状態で立っていた。,中性,100,115
56,霊夢,「あんた…どうやってあの四人を溺れさせたのよ…」,f1,100,100
57,魔理沙,「私も気になるのだぜ…フランの様子もいつもと違ってたし…」,f2,100,100
58,男,僕は、彼女たちの思考を予測し、何が言いたいのかを考える。 「霊夢さんたちも…体感したいのですか…？」,中性,100,115
59,霊夢,「そうに…決まってるじゃない。こっちは、 あんたのことで、あそこが渦巻いてるのよ…」,f1,100,100
60,魔理沙,「私もだぜ…」,f2,100,100
61,男,「レミリアさんたちは…？」,中性,100,115
62,霊夢,「彼女たちなら、あんたのことを私たちに告げてから、 紅魔館に戻っていったわ…。」,f1,100,100
63,魔理沙,「そろそろ、アレが垂れそうだぜ…、 早くお前のベッドに行かないか…？」,f2,100,100
64,男,「そうですか…。」 僕はそう呟くと、ソファからおり、自分の部屋に向かう。,中性,100,115
65,男,僕たちが僕の部屋に入ると、霊夢が僕の体をいきなり掴み、ベッドに押し倒し、そこから僕と二人とのセックスが始まった。,中性,100,115
68,男,僕は、二人とのセックスすると、数分くらいで彼女たちは眠りに落ちていった。何だか魔理沙のアレが前回より出てる気がした。,中性,100,115
69,男,それは、霊夢にも言えることで、二人の感度がいつもより高くなっているのか、健康面で不安を感じるほどアレが出た。,中性,100,115
70,男,そして僕は、そっと部屋から出ていく。 その足取りでそのまま、共同スペースに向かう。,中性,100,115
71,咲夜,「操夢さん、今ちょうど夕飯ができて、並べたところですよ。」 私は、上から降りてきた彼にいう。,f1,105,125
72,男,「あっ、ありがとうございます…」 僕はそう返す。,中性,100,115
73,咲夜,「いえ、お礼なんていいですよ。それより食べてください。」 私は、彼とのセックスしたい欲を抑えていう。,f1,105,125
74,男,僕は、「いただきます」といってから、ご飯を食べ始める。 すると、彼女は僕と対角の席に座る。,中性,100,115
75,男,「咲夜さん、なんでニヤついているんですか…」 僕は彼女の思考を予測しながら、話しかける。,中性,100,115
76,咲夜,「いつの間に…ちょっと、席を外しますね…。」 私はそう言い、椅子から立ち上がる。,f1,105,125
77,男,「後片付けなら僕がしておくので、咲夜さんは共同キッチンに戻らなくても大丈夫ですよ。」僕はそう彼女に告げる。,中性,100,115
78,咲夜,「そうですか…」 彼のその言葉に、ふと彼とさっきしたセックスが目に浮かぶ…,f1,105,125
79,男,「咲夜さん…さっきから様子が変ですよ…」 僕は、彼女に視線を当てながらそういう。,中性,100,115
80,咲夜,「はっ…」私は彼の指摘にふと驚きの声を上げる。そして、このままここにいるのは良くない考え、ささっと部屋に戻った。,f1,105,125
81,男,僕は、一人共同スペースで黙々とご飯を食べ進め、 完食すると、食器の後片付けを済ます。,中性,100,115
82,男,すると、さとりとこいしが帰ってくる。 「お帰りなさい。」,中性,100,115
83,さとり,「よかったです、操夢が無事で…」 私はそういう。,jgr,115,125
84,こいし,「私も、安心した…」,f2,50,181
85,男,「そうですか、先に、お風呂とご飯のどっちにしますか？」 僕は、そう聞く。,中性,100,115
86,さとり,「私は、先にお風呂に入ってきますね…」,jgr,115,125
87,こいし,「私も、そうしようかな…」,f2,50,181
88,男,「僕は、その間に歯磨きでもしようかな…」 僕はそういうと、僕たちはそれぞれの部屋に向かう。,中性,100,115
90,男,僕は、二人の夕飯を作り、二人が夕飯を食べながら、会話を交わすうちに、話の流れで、さっきまでの経緯を語っていた。,中性,100,115
91,男,僕は、二人の夕飯を作り、二人が夕飯を食べながら、会話を交わすうちに、話の流れで、さっきまでの経緯を語っていた。,中性,100,115
92,さとり,「霊夢たちだけずるいですよ、あなたのテクニックで溺れられるなんて…、私たちにもそれを体感させてください。」,jgr,115,125
93,こいし,「私にも、させて…」,f2,50,181
94,男,「そうですか…いいですよ。それで、誰の部屋でやりますか？僕の部屋は、今霊夢さんと魔理沙さんが寝てるから使えませんが…」,中性,100,115
95,さとり,「それなら、私の部屋にしましょ。」,jgr,115,125
96,男,「分かりました…」 僕は、そういうと、3人でさとりの部屋に向かった。,中性,100,115
97,こいし,「じゃあ、始めるよ…」 私たちは彼をベッドに押し倒すと、そういって、始めた。,f2,50,181
99,男,僕は、二人が霊夢たちと同じような感じで眠りにつくと、二人を起こさないようにそっと、ベッドから降りる。,中性,100,115
100,男,そして、その足取りで共同スペースに戻る。,中性,100,115
101,男,僕が共同スペースに降りてくると、霊夢たちがいた。 「二人とも、目が覚めたんですね…」,中性,100,115
102,霊夢,「あんたのお風呂借りて、スッキリしてきたわ。」 私は、彼ともう一度セックスしたい気持ちを抑えながらいう。,f1,100,100
103,魔理沙,「それで、操夢は何してたんだ？」 私は、彼に犯されたい気持ちを堪えながらいう。,f2,100,100
104,霊夢,「そうですか…、それで、夕飯は食べましたか？」,f1,100,100
105,霊夢,「いや、まだ食べてないわ…」,f1,100,100
106,魔理沙,「私もまだ食べないぜ…」,f2,100,100
107,男,「そうですか…じゃあ、僕が作りますね。」 僕はそういうと、共同キッチンに入り、冷蔵庫を開ける。,中性,100,115
108,男,そして、二人の視線を感じながら、思考を働かせて夕飯を作る。 そして、数十分程度で完成すると、パックご飯とともに出す。,中性,100,115
109,男,「できましたよ…。二人ともどうしたんですか？」 僕は、二人の思考の分析と予測をしながらいう。,中性,100,115
110,霊夢,「いや、何でもないわ。それじゃ、いただきます。」,f1,100,100
111,魔理沙,「いただきますなのだぜ…」,f2,100,100
112,男,僕は、食事をする二人を見ながら、今日を振り返る。レミリアたちにお仕置きを受けてから、彼女たちの様子が変化した。,中性,100,115
113,男,僕は、なぜこのような変化が起きたのかを解析する。僕の行動は、次々とこの家に住む女性たちとセックスするだけだった。,中性,100,115
114,男,ただ、一つ異なる点はといえば、コストとタイムを抑え、自滅するのを防ぎながら、節約セックスしたくらいだ。,中性,100,115
115,男,だけども、その過程のどこかに彼女たちが変化する要因があったのだと考える。そして、その要因は僕の行動にある…。,中性,100,115
116,男,だが、僕は頭をフル回転して解析しても、特に明確な答えは見つからなかった。ふと二人を見ると、食器が空なのに気づく。,中性,100,115
117,男,「ご飯、食べ終わったんですね。」僕はそういうと、二人が空にした食器を共同キッチンに運び、後片付けをする。,中性,100,115
118,霊夢,そして、後片付けが終わると、ふと向こうにポケベルを忘れていったことを思い出し、霊夢たちにその在処を尋ねる。,f1,100,100
119,霊夢,「あんたのポケベルのことすっかり忘れていたわ。」 私は、そう言い、彼のポケベルを探す。,f1,100,100
120,霊夢,そして、スーツケースから彼のポケベルを取り出すと彼に渡す。 「ポケベルを無くさないように気をつけてよね…」,f1,100,100
121,男,「そうですね…、しっかりと自分で管理して無くさないようにします。」僕はそう言いながら、ポケベルをポッケに入れる。,中性,100,115
122,男,「それで、霊夢さんたちは、これからどうしますか？」 僕はそう尋ねる。,中性,100,115
123,霊夢,「少しばかし、夜の風でも浴びてこようかしら…」 私は彼にそう返す。,f1,100,100
124,霊夢,「それなら、風邪をひかないように気をつけてくださいね。 こっちは向こうの気温とは異なりますから。」,f1,100,100
125,霊夢,「わかったわ。ほら、魔理沙も一緒にいきましょ。」 私はそう言い、魔理沙を誘う。,f1,100,100
126,魔理沙,「わかったのだぜ。」 私はそう返すと、霊夢と一緒に外に出た。,f2,100,100
127,男,僕はそれから、自分の部屋に戻り、入浴を済ますと、ベッドから異臭を感じ、さっと掛け布団を外すと浴室に運ぶ。,中性,100,115
128,男,そして、入浴が終わる際に抜いた浴槽の栓を再びつけて、蛇口をひねて水を出し、洗剤と掛け布団を浴槽に入れる。,中性,100,115
129,男,そのまま、枕とマットレスも入れ込むと、僕は、頭の中で時間を計算してから、乾燥と自動栓抜きのタイマーをセットし、部屋に戻る。,中性,100,115
130,男,そして、霊夢から渡された自分のポケベルと、 自分の子機につなぎ、画面をのぞく。,中性,100,115
131,男,僕は、画面の指示に従い、エンターキー押す。,中性,100,115
132,男,すると、画面が切り替わりくるくる回る円が表示される。,中性,100,115
133,男,すると、再度画面が切り替わり、くるくる回る円が表示される。,中性,100,115
134,男,すると、灰色の画面に白いポップアップが出てくる。,中性,100,115
135,男,すると、「電源処理の異常を確認中です…」と表示される。,中性,100,115
136,男,すると、「電源処理の異常を修復中です…」と表示される。,中性,100,115
137,男,僕は、Bキーを押す。,中性,100,115
138,男,僕は、次にAキーを押す。,中性,100,115
139,男,すると、あの音がポケベルから流れ出す。,中性,100,115
140,男,僕は、選択肢が出てくると、Aキーを押す。,中性,100,115
141,男,すると、親機からのプログラム複製と流し込みが始まる。,中性,100,115
142,男,そして、プログラムの照らし合わせが始まる。,中性,100,115
143,男,最後に再起動処理が始まる。,中性,100,115
144,男,すると、起動音が鳴り、くるくる回る円とリンゴマークが出る。,中性,100,115
145,男,再起動が終わると、デスクトップが出てきた。 そして、僕はそこからネットサーフィンを始めた。,中性,100,115
147,男,僕は、ネットサーフィンを区切りよく終えるとちょうど、浴槽に入れていた布団などが乾ききり、ベッドに乗せて、眠りにつく。,中性,100,115
148,男,そして、目が覚めると、 ベッドから起き上がり共同スペースに向かう。,中性,100,115
149,男,僕が、共同スペースに来ると、ちょうど朝ごはんが食卓に並べられていて、それを食べ始めると…,中性,100,115
