スライド番号,キャラクター,声種,話速,セリフ,音声記号列,有効
1,操夢,imd1,100,東方Project二次創作 powerd by zuyasi※ニコニコ版とは内容が異なります。,トウホウピーアールオージェーイーシーティーニジソウサク ピーオーダブリューイーアールディー ビーワイ ゼットユーワイエーエスアイニコニコバントワナイヨウガコトナリマス。,1
2,操夢,imd1,100,"「んっ…」
僕は、ふと誰かの視線を感じ、目が覚める。",ンッ。ボクワ、フトダレカノシセンオカンジ、メガサメル。,1
3,操夢,imd1,100,"そして、ふと上半身を起こして、そちらを向くと、
レミリアとフランが怖い笑みを浮かべていた。",ソシテ、フトジョウハンシンオオコシテ、ソチラオムクト、。レミリアトフランガコワイエミオウカベテイタ。,1
4,パチュリー,f2,120,"「あら、目が覚めたの。」私はそういうと、
素早くベッドに乗り、彼の耳のそばに勢いよく、手をつく。",アラ、メガサメタノ。ワタシワソウイウト、。スバヤクベッドニノリ、カレノミミノソバニイキオイヨク、テオツク。,1
5,パチュリー,f2,120,"「あなた、あの泥棒記者と夜中まで仲良くしてたみたいね。
その理由を聞かせてくれるかしら…？」",アナタ、アノドロボウキシャトヤチュウマデナカヨクシテタミタイネ。ソノリユウオキカセテクレルカシラ,1
6,操夢,imd1,100,僕は、彼女を眺めると同時に、思考を巡らせて、この場を鎮める方法を考える。だが、恐怖の笑みで何も思いつかない…。,ボクワ、カノジョオナガメルトドウジニ、シコウオメグラセテ、コノバオシズメルホウホウオカンガエル。ダガ、キョウフノエミデナニモオモイツカナイ。,1
7,操夢,imd1,100,仕方なく、僕は覚悟の上で昨晩のことを話す。,シカタナク、ボクワカクゴノウエデサクバンノコトオハナス。,1
8,レミリア,f1,80,「そう、ならお仕置きね。フラン、準備はいいかしら？」,ソウ、ナラオシオキネ。フラン、ジュンビワイイカシラ,1
9,フラン,jgr,100,"「準備は万端だよ、お姉様。」
私はそう言いながら、ベッドに入り、彼の上にまたがる。",ジュンビワバンタンダヨ、オネーサマ。ワタシワソウイイナガラ、ベッドニハイリ、カレノウエニマタガル。,1
10,フラン,jgr,100,「なら、始めるわよ、フラン。」,ナラ、ハジメルワヨ、フラン。,1
11,パチュリー,f2,120,"「じゃあ、始めるね、お仕置きを…」
私たちはそういって、彼にお仕置きを始めた。",ジャア、ハジメルネ、オシオキオ。ワタシタチワソウイッテ、カレニオシオキオハジメタ。,1
12,操夢,imd1,100,お仕置きシーンはニコニコ動画で！,オシオキシーンワニコニコドウガデ,1
13,操夢,imd1,100,二人のお仕置きが終わると…,ニニンノオシオキガオワルト,1
14,操夢,imd1,100,それから僕は、コスト（〇〇の量）とタイム（お仕置きの時間）を必要最小限に抑え込む工夫をすると、立場が逆転した。,ソレカラボクワ、コストレイレイノリョウトタイムオシオキノジカンオヒツヨウサイショウゲンニオサエコムクフウオスルト、タチバガギャクテンシタ。,1
15,操夢,imd1,100,"「ふぅ…」僕は、二人が起きないように小さく息を吐く。
そして、二人の合間を縫って、ベッドから降りる。",フーボクワ、ニニンガオキナイヨウニチイサクイキオハク。ソシテ、ニニンノアイマオヌッテ、ベッドカラオリル。,1
16,操夢,imd1,100,"そして、これからすべきことを考え、PCの電源を押す。
だが、うまく起動しないので、親機がある部屋に向かう。",ソシテ、コレカラスベキコトオカンガエ、ピーシーノデンゲンオオス。ダガ、ウマクキドウシナイノデ、オヤキガアルヘヤニムカウ。,1
17,操夢,imd1,100,そして、親機のある部屋に入ると、先ほど借りてきたレミリアのポケベルを床に置き、早速電源を押す。,ソシテ、オヤキノアルヘヤニハイルト、サキホドカリテキタレミリアノポケベルオユカニオキ、サッソクデンゲンオオス。,1
18,操夢,imd1,100,そして、ポケベルのアイコンにカーソルを合わせてクリックする。,ソシテ、ポケベルノアイコンニカーソルオアワセテクリックスル。,1
19,操夢,imd1,100,"すると、前に１度だけみたWebページが開く。
そして僕は、操作にカーソルを合わせる。",スルト、マエニイチドダケミタウーブページガヒラク。ソシテボクワ、ソウサニカーソルオアワセル。,1
20,操夢,imd1,100,次に発信にカーソルを合わせて選択する。,ツギニハッシンニカーソルオアワセテセンタクスル。,1
21,操夢,imd1,100,次に霊夢にカーソルを合わせる。,ツギニレームニカーソルオアワセル。,1
22,霊夢,f1,100,すると、「博麗霊夢に発信中…」と表示される。,スルト、ハクレイレームニハッシンチュウトヒョウジサレル。,1
23,操夢,imd1,100,私は、ふとポケベルの振動を感じ、ポッケから出すと、レミリアからの着信だった。そして、オレンジ色のボタンを押す。,ワタシワ、フトポケベルノシンドウオカンジ、ポッケカラダスト、レミリアカラノチャクシンダッタ。ソシテ、オレンジショクノボタンオオス。,1
24,早苗,f1,130,「もしもし、霊夢さん、聞こえますか？」,モシモシ、レームサン、キコエマスカ,1
25,霊夢,f1,100,「この声は、操夢？なんで、操夢がレミリアのポケベルを持ってるの？今どこにいるの？」,コノコエワ、ソームナンデ、ソームガレミリアノポケベルオモッテルノイマドコニイルノ,1
26,操夢,imd1,100,僕は、そう聞く霊夢に対して、すこし記憶が戻り、島唄居酒屋のところから、今朝までの経緯を話す。,ボクワ、ソウキクレームニタイシテ、スコシキオクガモドリ、シマウタイザカヤノトコロカラ、ケサマデノケイイオハナス。,1
27,霊夢,f1,100,「え？そういうことは、私たちの家にいるの？」,エソウイウコトワ、ワタシタチノイエニイルノ,1
28,レミリア,f1,80,「そうです。それで、さっきまでレミリアとフランさんに…」,ソウデス。ソレデ、サッキマデレミリアトフランサンニ,1
29,にとり,jgr,105,"私は、彼のその発言に衝撃を受ける…
「操夢、私たちが帰ったらみっちり、お仕置きね…」",ワタシワ、カレノソノハツゲンニショウゲキオウケル。ソーム、ワタシタチガカエッタラミッチリ、オシオキネ,1
30,咲夜,f1,105,「えっと…はい…それで、いつごろこっちに戻りますか？」,エットハイソレデ、イツゴロコッチニモドリマスカ,1
31,レミリア,f1,80,「とりあえず、魔理沙たちを呼んで、今すぐそっちに行けるようにするから、待ってなさい。レミリアにポケベルも返すのよ。」,トリアエズ、マリサタチオヨンデ、イマスグソッチニイケルヨウニスルカラ、マッテナサイ。レミリアニポケベルモカエスノヨ。,1
32,操夢,imd1,100,"「分かりました。」
僕はそういうと、通話を終了のボタンを選択した。",ワカリマシタ。ボクワソウイウト、ツウワオシュウリョウノボタンオセンタクシタ。,1
33,操夢,imd1,100,僕はふと気がつくと、レミリアとフランの二人が部屋に入ってきた。だが、なんとなく二人の様子に違和感を覚える。,ボクワフトキガツクト、レミリアトフランノニニンガヘヤニハイッテキタ。ダガ、ナントナクニニンノヨウスニイワカンオオボエル。,1
34,にとり,jgr,105,「ねぇ、操夢…、もう一回私を…いい気持ちにして…」,ネー、ソーム、モウイチカイワタシオイイキモチニシテ,1
35,霊夢,f1,100,「私も…お願い…操夢…」,ワタシモオネガイソーム,1
36,操夢,imd1,100,僕は、二人の表情から何が起きたのかを分析すると、ある予測と傾向が浮かび上がる。それは、警告でもあった。,ボクワ、ニニンノヒョウジョウカラナニガオキタノカオブンセキスルト、アルヨソクトケイコウガウカビアガル。ソレワ、ケイコクデモアッタ。,1
37,操夢,imd1,100,だが、僕は、何も言わずに、レミリアを抱き抱えると、自室のベッドに運び、フランも運び込んだ。,ダガ、ボクワ、ナニモイワズニ、レミリアオイダキカカエルト、ジシツノベッドニハコビ、フランモハコビコンダ。,1
38,操夢,imd1,100,叡智シーンはニコニコ動画で！,エイチシーンワニコニコドウガデ,1
39,操夢,imd1,100,僕は、先ほど同じように二人と〇〇〇〇すると、そのままそっとベッドで寝かしつけた。そして、レミリアのポケベルを戻す。,ボクワ、サキホドオナジヨウニニニントレイレイレイレイスルト、ソノママソットベッドデネカシツケタ。ソシテ、レミリアノポケベルオモドス。,1
40,操夢,imd1,100,"僕はそれから、共同スペースに降りてくる。
すると、そこには、パチュリーと咲夜がいた。",ボクワソレカラ、キョウドウスペースニオリテクル。スルト、ソコニワ、パチュリートサクヤガイタ。,1
41,さとり,jgr,115,「あなた…思ったより元気じゃない…心配して損したわ…」,アナタオモッタヨリゲンキジャナイシンパイシテソンシタワ,1
42,咲夜,f1,105,「それで、先についたお嬢様たちは、どこにいるのですか？」,ソレデ、サキニツイタオジョーサマタチワ、ドコニイルノデスカ,1
43,操夢,imd1,100,僕は、そこで、先ほどまでの流れを説明する。,ボクワ、ソコデ、サキホドマデノナガレオセツメイスル。,1
44,操夢,imd1,100,「あなた、それは、もはや単なる〇〇〇〇の領域超えて、あの二人のあなたに懐かせているんじゃない…」,アナタ、ソレワ、モハヤタンナルレイレイレイレイノリョウイキコエテ、アノニニンノアナタニイダカセテイルンジャナイ,1
45,霊夢,f1,100,「もはや、懐かせるのではなくて、彼とじゃないと〇〇〇〇でいい気持ちにならなくなってるんじゃ…」,モハヤ、イダカセルノデワナクテ、カレトジャナイトレイレイレイレイデイイキモチニナラナクナッテルンジャ,1
46,さとり,jgr,115,「ねぇ…私と〇〇〇〇してくれないかしら…、あの二人が感じたあなたのテクニックを私も感じたいわ…」,ネーワタシトレイレイレイレイシテクレナイカシラ、アノニニンガカンジタアナタノテクニックオワタシモカンジタイワ,1
47,妖夢,f2,115,「私も…あなたのテクニックを自分で実感したい…です…」,ワタシモアナタノテクニックオジブンデジッカンシタイデス,1
48,レミリア,f1,80,「それなら、どこでしますか？今、僕の部屋はフランさんとレミリアさんが寝ているので、入れないですが…」,ソレナラ、ドコデシマスカイマ、ボクノヘヤワフランサントレミリアサンガネテイルノデ、イレナイデスガ,1
49,霊夢,f1,100,"「それなら、私の部屋にしましょう…」
私は、そう彼に提案する。",ソレナラ、ワタシノヘヤニシマショウ。ワタシワ、ソウカレニテイアンスル。,1
50,操夢,imd1,100,"「分かりました…」
僕はそれから、二人と共に咲夜の部屋に向かった。",ワカリマシタ。ボクワソレカラ、ニニントトモニサクヤノヘヤニムカッタ。,1
51,操夢,imd1,100,叡智シーンはニコニコ動画で！,エイチシーンワニコニコドウガデ,1
52,操夢,imd1,100,そして、二人と〇〇〇〇すると、納得したような感じの表情を見せて、それから数分後には、すやすやと眠り始めた。,ソシテ、ニニントレイレイレイレイスルト、ナットクシタヨウナカンジノヒョウジョウオミセテ、ソレカラスウフンゴニワ、スヤスヤトネムリハジメタ。,1
53,操夢,imd1,100,"僕は、もう一度、共同スペースに降りてくると、ふと眠気が来て、
そのままソファに横になって、目を閉じた。",ボクワ、モウイチド、キョウドウスペースニオリテクルト、フトネムケガキテ、。ソノママソファニヨコニナッテ、メオトジタ。,1
54,操夢,imd1,100,彼が目を覚ますと…,カレガメオサマスト,1
55,操夢,imd1,100,"僕は、ふと目が覚めると、そこには霊夢と
魔理沙がうずうずした状態で立っていた。",ボクワ、フトメガサメルト、ソコニワレームト。マリサガウズウズシタジョウタイデタッテイタ。,1
56,霊夢,f1,100,「あんた…どうやってあの四人を溺れさせたのよ…」,アンタドウヤッテアノヨンニンオオボレサセタノヨ,1
57,魔理沙,f2,100,「私も気になるのだぜ…フランの様子もいつもと違ってたし…」,ワタシモキニナルノダゼフランノヨウスモイツモトチガッテタシ,1
58,霖之助,m1,100,"僕は、彼女たちの思考を予測し、何が言いたいのかを考える。
「霊夢さんたちも…体感したいのですか…？」",ボクワ、カノジョタチノシコウオヨソクシ、ナニガイイタイノカオカンガエル。レームサンタチモタイカンシタイノデスカ,1
59,霊夢,f1,100,"「そうに…決まってるじゃない。こっちは、
あんたのことで、あそこが渦巻いてるのよ…」",ソウニキマッテルジャナイ。コッチワ、。アンタノコトデ、アソコガウズマイテルノヨ,1
60,魔理沙,f2,100,「私もだぜ…」,ワタシモダゼ,1
61,レミリア,f1,80,「レミリアさんたちは…？」,レミリアサンタチワ,1
62,レミリア,f1,80,"「彼女たちなら、あんたのことを私たちに告げてから、
紅魔館に戻っていったわ…。」",カノジョタチナラ、アンタノコトオワタシタチニツゲテカラ、。コーマカンニモドッテイッタワ。,1
63,魔理沙,f2,100,"「そろそろ、アレが垂れそうだぜ…、
早くお前のベッドに行かないか…？」",ソロソロ、アレガタレソウダゼ、。ハヤクオマエノベッドニイカナイカ,1
64,操夢,imd1,100,"「そうですか…。」
僕はそう呟くと、ソファからおり、自分の部屋に向かう。",ソウデスカ。ボクワソウツブヤクト、ソファカラオリ、ジブンノヘヤニムカウ。,1
65,操夢,imd1,100,僕たちが僕の部屋に入ると、霊夢が僕の体をいきなり掴み、ベッドに押し倒し、そこから僕と二人との〇〇〇〇が始まった。,ボクタチガボクノヘヤニハイルト、レームガボクノカラダオイキナリツカミ、ベッドニオシタオシ、ソコカラボクトニニントノレイレイレイレイガハジマッタ。,1
66,操夢,imd1,100,叡智シーンはニコニコ動画で！,エイチシーンワニコニコドウガデ,1
67,操夢,imd1,100,彼が再びベッドから降りると…,カレガフタタビベッドカラオリルト,1
68,操夢,imd1,100,僕は、二人との〇〇〇〇すると、数分くらいで彼女たちは眠りに落ちていった。何だか魔理沙のアレが前回より出てる気がした。,ボクワ、ニニントノレイレイレイレイスルト、スウフンクライデカノジョタチワネムリニオチテイッタ。ナンダカマリサノアレガゼンカイヨリデテルキガシタ。,1
69,操夢,imd1,100,それは、霊夢にも言えることで、二人の感度がいつもより高くなっているのか、健康面で不安を感じるほどアレが出た。,ソレワ、レームニモイエルコトデ、ニニンノカンドガイツモヨリタカクナッテイルノカ、ケンコウメンデフアンオカンジルホドアレガデタ。,1
70,操夢,imd1,100,"そして僕は、そっと部屋から出ていく。
その足取りでそのまま、共同スペースに向かう。",ソシテボクワ、ソットヘヤカラデテイク。ソノアシドリデソノママ、キョウドウスペースニムカウ。,1
71,にとり,jgr,105,"「操夢さん、今ちょうど夕飯ができて、並べたところですよ。」
私は、上から降りてきた彼にいう。",ソームサン、イマチョウドユウハンガデキテ、ナラベタトコロデスヨ。ワタシワ、ウエカラオリテキタカレニイウ。,1
72,操夢,imd1,100,"「あっ、ありがとうございます…」
僕はそう返す。",アッ、アリガトウゴザイマス。ボクワソウカエス。,1
73,文,f2,100,"「いえ、お礼なんていいですよ。それより食べてください。」
私は、彼との〇〇〇〇したい欲を抑えていう。",イエ、オレイナンテイイデスヨ。ソレヨリタベテクダサイ。ワタシワ、カレトノレイレイレイレイシタイヨクオオサエテイウ。,1
74,咲夜,f1,105,"僕は、「いただきます」といってから、ご飯を食べ始める。
すると、彼女は僕と対角の席に座る。",ボクワ、イタダキマストイッテカラ、ゴハンオタベハジメル。スルト、カノジョワボクトタイカクノセキニスワル。,1
75,レミリア,f1,80,"「咲夜さん、なんでニヤついているんですか…」
僕は彼女の思考を予測しながら、話しかける。",サクヤサン、ナンデニヤツイテイルンデスカ。ボクワカノジョノシコウオヨソクシナガラ、ハナシカケル。,1
76,パチュリー,f2,120,"「いつの間に…ちょっと、席を外しますね…。」
私はそう言い、椅子から立ち上がる。",イツノマニチョット、セキオハズシマスネ。ワタシワソウイイ、イスカラタチアガル。,1
77,パチュリー,f2,120,「後片付けなら僕がしておくので、咲夜さんは共同キッチンに戻らなくても大丈夫ですよ。」僕はそう彼女に告げる。,アトカタヅケナラボクガシテオクノデ、サクヤサンワキョウドウキッチンニモドラナクテモダイジョウブデスヨ。ボクワソウカノジョニツゲル。,1
78,妖夢,f2,115,"「そうですか…」
彼のその言葉に、ふと彼とさっきした〇〇〇〇が目に浮かぶ…",ソウデスカ。カレノソノコトバニ、フトカレトサッキシタレイレイレイレイガメニウカブ,1
79,レミリア,f1,80,"「咲夜さん…さっきから様子が変ですよ…」
僕は、彼女に視線を当てながらそういう。",サクヤサンサッキカラヨウスガヘンデスヨ。ボクワ、カノジョニシセンオアテナガラソウイウ。,1
80,妹紅,f2,100,「はっ…」私は彼の指摘にふと驚きの声を上げる。そして、このままここにいるのは良くない考え、ささっと部屋に戻った。,ハッワタシワカレノシテキニフトオドロキノコエオアゲル。ソシテ、コノママココニイルノワヨクナイカンガエ、ササットヘヤニモドッタ。,1
81,操夢,imd1,100,"僕は、一人共同スペースで黙々とご飯を食べ進め、
完食すると、食器の後片付けを済ます。",ボクワ、イチニンキョウドウスペースデモクモクトゴハンオタベススメ、。カンショクスルト、ショッキノアトカタヅケオスマス。,1
82,さとり,jgr,115,"すると、さとりとこいしが帰ってくる。
「お帰りなさい。」",スルト、サトリトコイシガカエッテクル。オカエリナサイ。,1
83,にとり,jgr,105,"「よかったです、操夢が無事で…」
私はそういう。",ヨカッタデス、ソームガブジデ。ワタシワソウイウ。,1
84,さとり,jgr,115,「私も、安心した…」,ワタシモ、アンシンシタ,1
85,操夢,imd1,100,"「そうですか、先に、お風呂とご飯のどっちにしますか？」
僕は、そう聞く。",ソウデスカ、サキニ、オフロトゴハンノドッチニシマスカ。ボクワ、ソウキク。,1
86,パチュリー,f2,120,「私は、先にお風呂に入ってきますね…」,ワタシワ、サキニオフロニハイッテキマスネ,1
87,パチュリー,f2,120,「私も、そうしようかな…」,ワタシモ、ソウシヨウカナ,1
88,操夢,imd1,100,"「僕は、その間に歯磨きでもしようかな…」
僕はそういうと、僕たちはそれぞれの部屋に向かう。",ボクワ、ソノカンニハミガキデモシヨウカナ。ボクワソウイウト、ボクタチワソレゾレノヘヤニムカウ。,1
89,操夢,imd1,100,さとりたちが夕飯を食べると…,サトリタチガユウハンオタベルト,1
90,操夢,imd1,100,僕は、二人の夕飯を作り、二人が夕飯を食べながら、会話を交わすうちに、話の流れで、さっきまでの経緯を語っていた。,ボクワ、ニニンノユウハンオツクリ、ニニンガユウハンオタベナガラ、カイワオカワスウチニ、ハナシノナガレデ、サッキマデノケイイオカタッテイタ。,1
91,操夢,imd1,100,僕は、二人の夕飯を作り、二人が夕飯を食べながら、会話を交わすうちに、話の流れで、さっきまでの経緯を語っていた。,ボクワ、ニニンノユウハンオツクリ、ニニンガユウハンオタベナガラ、カイワオカワスウチニ、ハナシノナガレデ、サッキマデノケイイオカタッテイタ。,1
92,文,f2,100,「霊夢たちだけずるいですよ、あなたのテクニックで溺れられるなんて…、私たちにもそれを体感させてください。」,レームタチダケズルイデスヨ、アナタノテクニックデオボレラレルナンテ、ワタシタチニモソレオタイカンサセテクダサイ。,1
93,妹紅,f2,100,「私にも、させて…」,ワタシニモ、サセテ,1
94,早苗,f1,130,「そうですか…いいですよ。それで、誰の部屋でやりますか？僕の部屋は、今霊夢さんと魔理沙さんが寝てるから使えませんが…」,ソウデスカイイデスヨ。ソレデ、ダレノヘヤデヤリマスカボクノヘヤワ、コンレームサントマリササンガネテルカラツカエマセンガ,1
95,霊夢,f1,100,「それなら、私の部屋にしましょ。」,ソレナラ、ワタシノヘヤニシマショ。,1
96,さとり,jgr,115,"「分かりました…」
僕は、そういうと、3人でさとりの部屋に向かった。",ワカリマシタ。ボクワ、ソウイウト、ニンデサトリノヘヤニムカッタ。,1
97,パチュリー,f2,120,"「じゃあ、始めるよ…」
私たちは彼をベッドに押し倒すと、そういって、始めた。",ジャア、ハジメルヨ。ワタシタチワカレオベッドニオシタオスト、ソウイッテ、ハジメタ。,1
98,操夢,imd1,100,叡智シーンはニコニコ動画で！,エイチシーンワニコニコドウガデ,1
99,操夢,imd1,100,僕は、二人が霊夢たちと同じような感じで眠りにつくと、二人を起こさないようにそっと、ベッドから降りる。,ボクワ、ニニンガレームタチトオナジヨウナカンジデネムリニツクト、ニニンオオコサナイヨウニソット、ベッドカラオリル。,1
100,操夢,imd1,100,そして、その足取りで共同スペースに戻る。,ソシテ、ソノアシドリデキョウドウスペースニモドル。,1
101,霖之助,m1,100,"僕が共同スペースに降りてくると、霊夢たちがいた。
「二人とも、目が覚めたんですね…」",ボクガキョウドウスペースニオリテクルト、レームタチガイタ。ニニントモ、メガサメタンデスネ,1
102,さとり,jgr,115,"「あんたのお風呂借りて、スッキリしてきたわ。」
私は、彼ともう一度〇〇〇〇したい気持ちを抑えながらいう。",アンタノオフロカリテ、スッキリシテキタワ。ワタシワ、カレトモウイチドレイレイレイレイシタイキモチオオサエナガライウ。,1
103,霊夢,f1,100,"「それで、操夢は何してたんだ？」
私は、彼に犯されたい気持ちを堪えながらいう。",ソレデ、ソームワナニシテタンダ。ワタシワ、カレニオカサレタイキモチオコタエナガライウ。,1
104,操夢,imd1,100,「そうですか…、それで、夕飯は食べましたか？」,ソウデスカ、ソレデ、ユウハンワタベマシタカ,1
105,さとり,jgr,115,「いや、まだ食べてないわ…」,イヤ、マダタベテナイワ,1
106,魔理沙,f2,100,「私もまだ食べないぜ…」,ワタシモマダタベナイゼ,1
107,パチュリー,f2,120,"「そうですか…じゃあ、僕が作りますね。」
僕はそういうと、共同キッチンに入り、冷蔵庫を開ける。",ソウデスカジャア、ボクガツクリマスネ。ボクワソウイウト、キョウドウキッチンニハイリ、レイゾウコオアケル。,1
108,操夢,imd1,100,"そして、二人の視線を感じながら、思考を働かせて夕飯を作る。
そして、数十分程度で完成すると、パックご飯とともに出す。",ソシテ、ニニンノシセンオカンジナガラ、シコウオハタラカセテユウハンオツクル。ソシテ、スウジュウフンテイドデカンセイスルト、パックゴハントトモニダス。,1
109,操夢,imd1,100,"「できましたよ…。二人ともどうしたんですか？」
僕は、二人の思考の分析と予測をしながらいう。",デキマシタヨ。ニニントモドウシタンデスカ。ボクワ、ニニンノシコウノブンセキトヨソクオシナガライウ。,1
110,さとり,jgr,115,「いや、何でもないわ。それじゃ、いただきます。」,イヤ、ナニデモナイワ。ソレジャ、イタダキマス。,1
111,魔理沙,f2,100,「いただきますなのだぜ…」,イタダキマスナノダゼ,1
112,操夢,imd1,100,僕は、食事をする二人を見ながら、今日を振り返る。レミリアたちにお仕置きを受けてから、彼女たちの様子が変化した。,ボクワ、ショクジオスルニニンオミナガラ、キョウオフリカエル。レミリアタチニオシオキオウケテカラ、カノジョタチノヨウスガヘンカシタ。,1
113,操夢,imd1,100,僕は、なぜこのような変化が起きたのかを解析する。僕の行動は、次々とこの家に住む女性たちと〇〇〇〇するだけだった。,ボクワ、ナゼコノヨウナヘンカガオキタノカオカイセキスル。ボクノコウドウワ、ツギツギトコノイエニスムジョセイタチトレイレイレイレイスルダケダッタ。,1
114,操夢,imd1,100,ただ、一つ異なる点はといえば、コストとタイムを抑え、自滅するのを防ぎながら、節約〇〇〇〇したくらいだ。,タダ、ヒトツコトナルテンワトイエバ、コストトタイムオオサエ、ジメツスルノオフセギナガラ、セツヤクレイレイレイレイシタクライダ。,1
115,操夢,imd1,100,だけども、その過程のどこかに彼女たちが変化する要因があったのだと考える。そして、その要因は僕の行動にある…。,ダケドモ、ソノカテイノドコカニカノジョタチガヘンカスルヨウインガアッタノダトカンガエル。ソシテ、ソノヨウインワボクノコウドウニアル。,1
116,操夢,imd1,100,だが、僕は頭をフル回転して解析しても、特に明確な答えは見つからなかった。ふと二人を見ると、食器が空なのに気づく。,ダガ、ボクワアタマオフルカイテンシテカイセキシテモ、トクニメイカクナコタエワミツカラナカッタ。フトニニンオミルト、ショッキガソラナノニキヅク。,1
117,操夢,imd1,100,「ご飯、食べ終わったんですね。」僕はそういうと、二人が空にした食器を共同キッチンに運び、後片付けをする。,ゴハン、タベオワッタンデスネ。ボクワソウイウト、ニニンガソラニシタショッキオキョウドウキッチンニハコビ、アトカタヅケオスル。,1
118,操夢,imd1,100,そして、後片付けが終わると、ふと向こうにポケベルを忘れていったことを思い出し、霊夢たちにその在処を尋ねる。,ソシテ、アトカタヅケガオワルト、フトムコウニポケベルオワスレテイッタコトオオモイダシ、レームタチニソノアリカオタズネル。,1
119,さとり,jgr,115,"「あんたのポケベルのことすっかり忘れていたわ。」
私は、そう言い、彼のポケベルを探す。",アンタノポケベルノコトスッカリワスレテイタワ。ワタシワ、ソウイイ、カレノポケベルオサガス。,1
120,パチュリー,f2,120,"そして、スーツケースから彼のポケベルを取り出すと彼に渡す。
「ポケベルを無くさないように気をつけてよね…」",ソシテ、スーツケースカラカレノポケベルオトリダストカレニワタス。ポケベルオナクサナイヨウニキオツケテヨネ,1
121,早苗,f1,130,「そうですね…、しっかりと自分で管理して無くさないようにします。」僕はそう言いながら、ポケベルをポッケに入れる。,ソウデスネ、シッカリトジブンデカンリシテナクサナイヨウニシマス。ボクワソウイイナガラ、ポケベルオポッケニイレル。,1
122,霖之助,m1,100,"「それで、霊夢さんたちは、これからどうしますか？」
僕はそう尋ねる。",ソレデ、レームサンタチワ、コレカラドウシマスカ。ボクワソウタズネル。,1
123,レミリア,f1,80,"「少しばかし、夜の風でも浴びてこようかしら…」
私は彼にそう返す。",スコシバカシ、ヨルノカゼデモアビテコヨウカシラ。ワタシワカレニソウカエス。,1
124,パチュリー,f2,120,"「それなら、風邪をひかないように気をつけてくださいね。
こっちは向こうの気温とは異なりますから。」",ソレナラ、カゼオヒカナイヨウニキオツケテクダサイネ。コッチワムコウノキオントワコトナリマスカラ。,1
125,さとり,jgr,115,"「わかったわ。ほら、魔理沙も一緒にいきましょ。」
私はそう言い、魔理沙を誘う。",ワカッタワ。ホラ、マリサモイッショニイキマショ。ワタシワソウイイ、マリサオサソウ。,1
126,魔理沙,f2,100,"「わかったのだぜ。」
私はそう返すと、霊夢と一緒に外に出た。",ワカッタノダゼ。ワタシワソウカエスト、レームトイッショニソトニデタ。,1
127,操夢,imd1,100,僕はそれから、自分の部屋に戻り、入浴を済ますと、ベッドから異臭を感じ、さっと掛け布団を外すと浴室に運ぶ。,ボクワソレカラ、ジブンノヘヤニモドリ、ニュウヨクオスマスト、ベッドカライシュウオカンジ、サットカケブトンオハズストヨクシツニハコブ。,1
128,操夢,imd1,100,そして、入浴が終わる際に抜いた浴槽の栓を再びつけて、蛇口をひねて水を出し、洗剤と掛け布団を浴槽に入れる。,ソシテ、ニュウヨクガオワルサイニヌイタヨクソウノセンオフタタビツケテ、ジャグチオヒネテミズオダシ、センザイトカケブトンオヨクソウニイレル。,1
129,操夢,imd1,100,そのまま、枕とマットレスも入れ込むと、僕は、頭の中で時間を計算してから、乾燥と自動栓抜きのタイマーをセットし、部屋に戻る。,ソノママ、マクラトマットレスモイレコムト、ボクワ、アタマノナカデジカンオケイサンシテカラ、カンソウトジドウセンヌキノタイマーオセットシ、ヘヤニモドル。,1
130,操夢,imd1,100,"そして、霊夢から渡された自分のポケベルと、
自分の子機につなぎ、画面をのぞく。",ソシテ、レームカラワタサレタジブンノポケベルト、。ジブンノコキニツナギ、ガメンオノゾク。,1
131,操夢,imd1,100,僕は、画面の指示に従い、エンターキー押す。,ボクワ、ガメンノシジニシタガイ、エンターキーオス。,1
132,操夢,imd1,100,すると、画面が切り替わりくるくる回る円が表示される。,スルト、ガメンガキリカワリクルクルマワルエンガヒョウジサレル。,1
133,操夢,imd1,100,すると、再度画面が切り替わり、くるくる回る円が表示される。,スルト、サイドガメンガキリカワリ、クルクルマワルエンガヒョウジサレル。,1
134,操夢,imd1,100,すると、灰色の画面に白いポップアップが出てくる。,スルト、ハイイロノガメンニシロイポップアップガデテクル。,1
135,妖夢,f2,115,すると、「電源処理の異常を確認中です…」と表示される。,スルト、デンゲンショリノイジョウオカクニンチュウデストヒョウジサレル。,1
136,妖夢,f2,115,すると、「電源処理の異常を修復中です…」と表示される。,スルト、デンゲンショリノイジョウオシュウフクチュウデストヒョウジサレル。,1
137,操夢,imd1,100,僕は、Bキーを押す。,ボクワ、ビーキーオオス。,1
138,操夢,imd1,100,僕は、次にAキーを押す。,ボクワ、ツギニエーキーオオス。,1
139,操夢,imd1,100,すると、あの音がポケベルから流れ出す。,スルト、アノオトガポケベルカラナガレダス。,1
140,操夢,imd1,100,僕は、選択肢が出てくると、Aキーを押す。,ボクワ、センタクシガデテクルト、エーキーオオス。,1
141,操夢,imd1,100,すると、親機からのプログラム複製と流し込みが始まる。,スルト、オヤキカラノプログラムフクセイトナガシコミガハジマル。,1
142,操夢,imd1,100,そして、プログラムの照らし合わせが始まる。,ソシテ、プログラムノテラシアワセガハジマル。,1
143,操夢,imd1,100,最後に再起動処理が始まる。,サイゴニサイキドウショリガハジマル。,1
144,操夢,imd1,100,すると、起動音が鳴り、くるくる回る円とリンゴマークが出る。,スルト、キドウオンガナリ、クルクルマワルエントリンゴマークガデル。,1
145,操夢,imd1,100,"再起動が終わると、デスクトップが出てきた。
そして、僕はそこからネットサーフィンを始めた。",サイキドウガオワルト、デスクトップガデテキタ。ソシテ、ボクワソコカラネットサーフィンオハジメタ。,1
146,操夢,imd1,100,次回予告,ジカイヨコク,1
147,操夢,imd1,100,僕は、ネットサーフィンを区切りよく終えるとちょうど、浴槽に入れていた布団などが乾ききり、ベッドに乗せて、眠りにつく。,ボクワ、ネットサーフィンオクギリヨクオエルトチョウド、ヨクソウニイレテイタフトンナドガカワキキリ、ベッドニノセテ、ネムリニツク。,1
148,操夢,imd1,100,"そして、目が覚めると、
ベッドから起き上がり共同スペースに向かう。",ソシテ、メガサメルト、。ベッドカラオキアガリキョウドウスペースニムカウ。,1
149,操夢,imd1,100,僕が、共同スペースに来ると、ちょうど朝ごはんが食卓に並べられていて、それを食べ始めると…,ボクガ、キョウドウスペースニクルト、チョウドアサゴハンガショクタクニナラベラレテイテ、ソレオタベハジメルト,1
150,操夢,imd1,100,"ご視聴ありがとうございました
出典
立ち絵：はるか様
音声：ゆっくりボイスメーカー
背景：みんちりえ・ニコニコモンズ様
BGM：ニコニコモンズ様
効果音：効果音ラボ様
製作者：zuyasi",ゴシチョウアリガトウゴザイマシタ。シュッテン。タチエハルカサマ。オンセイユックリボイスメーカー。ハイケイミンチリエニコニコモンズサマ。ビージーエムニコニコモンズサマ。コウカオンコウカオンラボサマ。セイサクシャゼットユーワイエーエスアイ,1
